cohort	contrast	locus_class	locus_id	pass_screen	n_callable	callability	n_distinct	minor_count	reason
PRJNA360417	NAG_vs_IM	PRIMARY_TECHNICAL	HPL00332	False	11	1.0	1	0	MONOMORPHIC_OR_UNCALLABLE
PRJNA360417	NAG_vs_IM	PRIMARY_TECHNICAL	HPL00483	False	11	1.0	1	0	MONOMORPHIC_OR_UNCALLABLE
PRJNA360417	NAG_vs_IM	PRIMARY_TECHNICAL	HPL00049	False	11	1.0	1	0	MONOMORPHIC_OR_UNCALLABLE
PRJNA360417	NAG_vs_IM	PRIMARY_TECHNICAL	HPL00076	False	10	0.9091	1	0	MONOMORPHIC_OR_UNCALLABLE
PRJNA360417	NAG_vs_IM	PRIMARY_TECHNICAL	HPL00350	False	10	0.9091	1	0	MONOMORPHIC_OR_UNCALLABLE
PRJNA360417	NAG_vs_IM	PRIMARY_TECHNICAL	HPL00055	False	8	0.7273	1	0	CALLABILITY_0.727_LT_0.80;MONOMORPHIC_OR_UNCALLABLE
PRJNA360417	NAG_vs_IM	PRIMARY_TECHNICAL	HPL00498	False	11	1.0	1	0	MONOMORPHIC_OR_UNCALLABLE
PRJNA360417	NAG_vs_IM	PRIMARY_TECHNICAL	HPL00293	False	11	1.0	1	0	MONOMORPHIC_OR_UNCALLABLE
PRJNA360417	NAG_vs_IM	PRIMARY_TECHNICAL	HPL00103	True	11	1.0	6	3	PASS
PRJNA360417	NAG_vs_IM	PRIMARY_TECHNICAL	HPL00752	False	11	1.0	1	0	MONOMORPHIC_OR_UNCALLABLE
PRJNA360417	NAG_vs_IM	PRIMARY_TECHNICAL	HPL00390	True	10	0.9091	2	3	PASS
PRJNA360417	NAG_vs_IM	PRIMARY_TECHNICAL	HPL00019	False	4	0.3636	1	0	CALLABILITY_0.364_LT_0.80;MONOMORPHIC_OR_UNCALLABLE
PRJNA360417	NAG_vs_IM	PRIMARY_TECHNICAL	HPL00158	False	9	0.8182	2	1	MINOR_ALLELE_COUNT_1_LT_2
PRJNA360417	NAG_vs_IM	PRIMARY_TECHNICAL	HPL01050	False	10	0.9091	1	0	MONOMORPHIC_OR_UNCALLABLE
PRJNA360417	NAG_vs_IM	PRIMARY_TECHNICAL	HPL00329	False	11	1.0	1	0	MONOMORPHIC_OR_UNCALLABLE
PRJNA360417	NAG_vs_IM	PRIMARY_TECHNICAL	HPL00080	False	11	1.0	1	0	MONOMORPHIC_OR_UNCALLABLE
PRJNA360417	NAG_vs_IM	PRIMARY_TECHNICAL	HPL00377	False	11	1.0	1	0	MONOMORPHIC_OR_UNCALLABLE
PRJNA360417	NAG_vs_IM	PRIMARY_TECHNICAL	HPL00409	False	11	1.0	1	0	MONOMORPHIC_OR_UNCALLABLE
PRJNA360417	NAG_vs_IM	PRIMARY_TECHNICAL	HPL00104	False	7	0.6364	1	0	CALLABILITY_0.636_LT_0.80;MONOMORPHIC_OR_UNCALLABLE
PRJNA360417	NAG_vs_IM	PRIMARY_TECHNICAL	HPL00301	False	11	1.0	1	0	MONOMORPHIC_OR_UNCALLABLE
PRJNA360417	NAG_vs_IM	PRIMARY_TECHNICAL	HPL00378	False	11	1.0	1	0	MONOMORPHIC_OR_UNCALLABLE
PRJNA360417	NAG_vs_IM	PRIMARY_TECHNICAL	HPL00341	False	10	0.9091	1	0	MONOMORPHIC_OR_UNCALLABLE
PRJNA360417	NAG_vs_IM	PRIMARY_TECHNICAL	HPL00333	False	10	0.9091	1	0	MONOMORPHIC_OR_UNCALLABLE
PRJNA360417	NAG_vs_IM	PRIMARY_TECHNICAL	HPL00198	False	11	1.0	1	0	MONOMORPHIC_OR_UNCALLABLE
PRJNA360417	NAG_vs_IM	PRIMARY_TECHNICAL	HPL00497	False	8	0.7273	2	1	CALLABILITY_0.727_LT_0.80;MINOR_ALLELE_COUNT_1_LT_2
PRJNA360417	NAG_vs_IM	PRIMARY_TECHNICAL	HPL00403	False	10	0.9091	1	0	MONOMORPHIC_OR_UNCALLABLE
PRJNA360417	NAG_vs_IM	PRIMARY_TECHNICAL	HPL00037	False	11	1.0	1	0	MONOMORPHIC_OR_UNCALLABLE
PRJNA360417	NAG_vs_IM	PRIMARY_TECHNICAL	HPL00156	False	9	0.8182	1	0	MONOMORPHIC_OR_UNCALLABLE
PRJNA360417	NAG_vs_IM	PRIMARY_TECHNICAL	HPL00038	False	10	0.9091	1	0	MONOMORPHIC_OR_UNCALLABLE
PRJNA360417	NAG_vs_IM	PRIMARY_TECHNICAL	HPL00099	False	11	1.0	1	0	MONOMORPHIC_OR_UNCALLABLE
PRJNA360417	NAG_vs_IM	PRIMARY_TECHNICAL	HPL00251	False	11	1.0	1	0	MONOMORPHIC_OR_UNCALLABLE
PRJNA360417	NAG_vs_IM	PRIMARY_TECHNICAL	HPL00506	False	11	1.0	1	0	MONOMORPHIC_OR_UNCALLABLE
PRJNA360417	NAG_vs_IM	PRIMARY_TECHNICAL	HPL00073	False	11	1.0	1	0	MONOMORPHIC_OR_UNCALLABLE
PRJNA360417	NAG_vs_IM	PRIMARY_TECHNICAL	HPL00529	False	10	0.9091	1	0	MONOMORPHIC_OR_UNCALLABLE
PRJNA360417	NAG_vs_IM	PRIMARY_TECHNICAL	HPL00068	False	4	0.3636	2	1	CALLABILITY_0.364_LT_0.80;MINOR_ALLELE_COUNT_1_LT_2
PRJNA360417	NAG_vs_IM	PRIMARY_TECHNICAL	HPL00123	False	10	0.9091	1	0	MONOMORPHIC_OR_UNCALLABLE
PRJNA360417	NAG_vs_IM	PRIMARY_TECHNICAL	HPL00479	False	8	0.7273	1	0	CALLABILITY_0.727_LT_0.80;MONOMORPHIC_OR_UNCALLABLE
PRJNA360417	NAG_vs_IM	PRIMARY_TECHNICAL	HPL00977	False	11	1.0	1	0	MONOMORPHIC_OR_UNCALLABLE
PRJNA360417	NAG_vs_IM	PRIMARY_TECHNICAL	HPL00247	False	11	1.0	1	0	MONOMORPHIC_OR_UNCALLABLE
PRJNA360417	NAG_vs_IM	PRIMARY_TECHNICAL	HPL00139	False	11	1.0	1	0	MONOMORPHIC_OR_UNCALLABLE
PRJNA360417	NAG_vs_IM	PRIMARY_TECHNICAL	HPL00780	False	10	0.9091	1	0	MONOMORPHIC_OR_UNCALLABLE
PRJNA360417	NAG_vs_IM	PRIMARY_TECHNICAL	HPL00051	False	11	1.0	1	0	MONOMORPHIC_OR_UNCALLABLE
PRJNA360417	NAG_vs_IM	PRIMARY_TECHNICAL	HPL00469	False	10	0.9091	1	0	MONOMORPHIC_OR_UNCALLABLE
PRJNA360417	NAG_vs_IM	PRIMARY_TECHNICAL	HPL00571	False	11	1.0	1	0	MONOMORPHIC_OR_UNCALLABLE
PRJNA360417	NAG_vs_IM	PRIMARY_TECHNICAL	HPL00170	False	3	0.2727	1	0	CALLABILITY_0.273_LT_0.80;MONOMORPHIC_OR_UNCALLABLE
PRJNA360417	NAG_vs_IM	PRIMARY_TECHNICAL	HPL00393	True	11	1.0	3	4	PASS
PRJNA360417	NAG_vs_IM	PRIMARY_TECHNICAL	HPL00178	False	10	0.9091	1	0	MONOMORPHIC_OR_UNCALLABLE
PRJNA360417	NAG_vs_IM	PRIMARY_TECHNICAL	HPL00071	False	10	0.9091	1	0	MONOMORPHIC_OR_UNCALLABLE
PRJNA360417	NAG_vs_IM	PRIMARY_TECHNICAL	HPL00121	False	11	1.0	1	0	MONOMORPHIC_OR_UNCALLABLE
PRJNA360417	NAG_vs_IM	PRIMARY_TECHNICAL	HPL00884	False	11	1.0	1	0	MONOMORPHIC_OR_UNCALLABLE
PRJNA360417	NAG_vs_IM	PRIMARY_TECHNICAL	HPL00816	False	7	0.6364	1	0	CALLABILITY_0.636_LT_0.80;MONOMORPHIC_OR_UNCALLABLE
PRJNA360417	NAG_vs_IM	PRIMARY_TECHNICAL	HPL00288	False	10	0.9091	1	0	MONOMORPHIC_OR_UNCALLABLE
PRJNA360417	NAG_vs_IM	PRIMARY_TECHNICAL	HPL00244	False	11	1.0	1	0	MONOMORPHIC_OR_UNCALLABLE
PRJNA360417	NAG_vs_IM	PRIMARY_TECHNICAL	HPL00353	False	11	1.0	1	0	MONOMORPHIC_OR_UNCALLABLE
PRJNA360417	NAG_vs_IM	PRIMARY_TECHNICAL	HPL00840	False	6	0.5455	1	0	CALLABILITY_0.545_LT_0.80;MONOMORPHIC_OR_UNCALLABLE
PRJNA360417	NAG_vs_IM	PRIMARY_TECHNICAL	HPL01140	False	4	0.3636	1	0	CALLABILITY_0.364_LT_0.80;MONOMORPHIC_OR_UNCALLABLE
PRJNA360417	NAG_vs_IM	PRIMARY_TECHNICAL	HPL00582	False	11	1.0	1	0	MONOMORPHIC_OR_UNCALLABLE
PRJNA360417	NAG_vs_IM	PRIMARY_TECHNICAL	HPL00277	False	11	1.0	1	0	MONOMORPHIC_OR_UNCALLABLE
PRJNA360417	NAG_vs_IM	PRIMARY_TECHNICAL	HPL00224	False	11	1.0	1	0	MONOMORPHIC_OR_UNCALLABLE
PRJNA360417	NAG_vs_IM	PRIMARY_TECHNICAL	HPL00259	False	10	0.9091	1	0	MONOMORPHIC_OR_UNCALLABLE
PRJNA360417	NAG_vs_IM	PRIMARY_TECHNICAL	HPL00306	False	11	1.0	1	0	MONOMORPHIC_OR_UNCALLABLE
PRJNA360417	NAG_vs_IM	PRIMARY_TECHNICAL	HPL00364	False	11	1.0	1	0	MONOMORPHIC_OR_UNCALLABLE
PRJNA360417	NAG_vs_IM	PRIMARY_TECHNICAL	HPL00150	False	10	0.9091	2	1	MINOR_ALLELE_COUNT_1_LT_2
PRJNA360417	NAG_vs_IM	PRIMARY_TECHNICAL	HPL00841	False	5	0.4545	1	0	CALLABILITY_0.455_LT_0.80;MONOMORPHIC_OR_UNCALLABLE
PRJNA360417	NAG_vs_IM	PRIMARY_TECHNICAL	HPL00119	False	7	0.6364	1	0	CALLABILITY_0.636_LT_0.80;MONOMORPHIC_OR_UNCALLABLE
PRJNA360417	NAG_vs_IM	PRIMARY_TECHNICAL	HPL00214	False	11	1.0	1	0	MONOMORPHIC_OR_UNCALLABLE
PRJNA360417	NAG_vs_IM	PRIMARY_TECHNICAL	HPL00316	False	0	0.0	0	0	CALLABILITY_0.000_LT_0.80;MONOMORPHIC_OR_UNCALLABLE
PRJNA360417	NAG_vs_IM	PRIMARY_TECHNICAL	HPL00109	False	10	0.9091	1	0	MONOMORPHIC_OR_UNCALLABLE
PRJNA360417	NAG_vs_IM	PRIMARY_TECHNICAL	HPL00210	False	11	1.0	1	0	MONOMORPHIC_OR_UNCALLABLE
PRJNA360417	NAG_vs_IM	PRIMARY_TECHNICAL	HPL00202	False	10	0.9091	1	0	MONOMORPHIC_OR_UNCALLABLE
PRJNA360417	NAG_vs_IM	PRIMARY_TECHNICAL	HPL00404	False	11	1.0	1	0	MONOMORPHIC_OR_UNCALLABLE
PRJNA360417	NAG_vs_IM	PRIMARY_TECHNICAL	HPL00436	False	11	1.0	1	0	MONOMORPHIC_OR_UNCALLABLE
PRJNA360417	NAG_vs_IM	PRIMARY_TECHNICAL	HPL00181	False	9	0.8182	1	0	MONOMORPHIC_OR_UNCALLABLE
PRJNA360417	NAG_vs_IM	PRIMARY_TECHNICAL	HPL00276	False	11	1.0	1	0	MONOMORPHIC_OR_UNCALLABLE
PRJNA360417	NAG_vs_IM	PRIMARY_TECHNICAL	HPL00047	False	10	0.9091	1	0	MONOMORPHIC_OR_UNCALLABLE
PRJNA360417	NAG_vs_IM	PRIMARY_TECHNICAL	HPL00206	False	11	1.0	1	0	MONOMORPHIC_OR_UNCALLABLE
PRJNA360417	NAG_vs_IM	PRIMARY_TECHNICAL	HPL00053	False	11	1.0	1	0	MONOMORPHIC_OR_UNCALLABLE
PRJNA360417	NAG_vs_IM	PRIMARY_TECHNICAL	HPL00120	False	11	1.0	1	0	MONOMORPHIC_OR_UNCALLABLE
PRJNA360417	NAG_vs_IM	PRIMARY_TECHNICAL	HPL00245	False	11	1.0	1	0	MONOMORPHIC_OR_UNCALLABLE
PRJNA360417	NAG_vs_IM	PRIMARY_TECHNICAL	HPL00085	False	11	1.0	1	0	MONOMORPHIC_OR_UNCALLABLE
PRJNA360417	NAG_vs_IM	PRIMARY_TECHNICAL	HPL00314	False	11	1.0	1	0	MONOMORPHIC_OR_UNCALLABLE
PRJNA360417	NAG_vs_IM	PRIMARY_TECHNICAL	HPL00193	False	3	0.2727	1	0	CALLABILITY_0.273_LT_0.80;MONOMORPHIC_OR_UNCALLABLE
PRJNA360417	NAG_vs_IM	PRIMARY_TECHNICAL	HPL00430	False	7	0.6364	1	0	CALLABILITY_0.636_LT_0.80;MONOMORPHIC_OR_UNCALLABLE
PRJNA360417	NAG_vs_IM	PRIMARY_TECHNICAL	HPL00811	False	10	0.9091	1	0	MONOMORPHIC_OR_UNCALLABLE
PRJNA360417	NAG_vs_IM	PRIMARY_TECHNICAL	HPL00290	False	11	1.0	1	0	MONOMORPHIC_OR_UNCALLABLE
PRJNA360417	NAG_vs_IM	PRIMARY_TECHNICAL	HPL00007	False	11	1.0	1	0	MONOMORPHIC_OR_UNCALLABLE
PRJNA360417	NAG_vs_IM	PRIMARY_TECHNICAL	HPL00116	False	7	0.6364	1	0	CALLABILITY_0.636_LT_0.80;MONOMORPHIC_OR_UNCALLABLE
PRJNA360417	NAG_vs_IM	PRIMARY_TECHNICAL	HPL00344	False	11	1.0	1	0	MONOMORPHIC_OR_UNCALLABLE
PRJNA360417	NAG_vs_IM	PRIMARY_TECHNICAL	HPL00087	False	5	0.4545	1	0	CALLABILITY_0.455_LT_0.80;MONOMORPHIC_OR_UNCALLABLE
PRJNA360417	NAG_vs_IM	PRIMARY_TECHNICAL	HPL00839	False	8	0.7273	1	0	CALLABILITY_0.727_LT_0.80;MONOMORPHIC_OR_UNCALLABLE
PRJNA360417	NAG_vs_IM	PRIMARY_TECHNICAL	HPL00222	False	11	1.0	1	0	MONOMORPHIC_OR_UNCALLABLE
PRJNA360417	NAG_vs_IM	PRIMARY_TECHNICAL	HPL00106	False	7	0.6364	1	0	CALLABILITY_0.636_LT_0.80;MONOMORPHIC_OR_UNCALLABLE
PRJNA360417	NAG_vs_IM	PRIMARY_TECHNICAL	HPL00485	False	9	0.8182	1	0	MONOMORPHIC_OR_UNCALLABLE
PRJNA360417	NAG_vs_IM	PRIMARY_TECHNICAL	HPL00501	False	8	0.7273	1	0	CALLABILITY_0.727_LT_0.80;MONOMORPHIC_OR_UNCALLABLE
PRJNA360417	NAG_vs_IM	PRIMARY_TECHNICAL	HPL00138	False	11	1.0	1	0	MONOMORPHIC_OR_UNCALLABLE
PRJNA360417	NAG_vs_IM	PRIMARY_TECHNICAL	HPL00010	False	7	0.6364	5	2	CALLABILITY_0.636_LT_0.80
PRJNA360417	NAG_vs_IM	PRIMARY_TECHNICAL	HPL00177	False	11	1.0	1	0	MONOMORPHIC_OR_UNCALLABLE
PRJNA360417	NAG_vs_IM	PRIMARY_TECHNICAL	HPL00194	False	8	0.7273	2	2	CALLABILITY_0.727_LT_0.80
PRJNA360417	NAG_vs_IM	PRIMARY_TECHNICAL	HPL00699	False	11	1.0	1	0	MONOMORPHIC_OR_UNCALLABLE
PRJNA360417	NAG_vs_IM	PRIMARY_TECHNICAL	HPL00603	False	5	0.4545	2	1	CALLABILITY_0.455_LT_0.80;MINOR_ALLELE_COUNT_1_LT_2
PRJNA360417	NAG_vs_IM	PRIMARY_TECHNICAL	HPL00241	False	11	1.0	1	0	MONOMORPHIC_OR_UNCALLABLE
PRJNA360417	NAG_vs_IM	PRIMARY_TECHNICAL	HPL00345	False	9	0.8182	1	0	MONOMORPHIC_OR_UNCALLABLE
PRJNA360417	NAG_vs_IM	PRIMARY_TECHNICAL	HPL00157	False	10	0.9091	1	0	MONOMORPHIC_OR_UNCALLABLE
PRJNA360417	NAG_vs_IM	PRIMARY_TECHNICAL	HPL00415	False	11	1.0	1	0	MONOMORPHIC_OR_UNCALLABLE
PRJNA360417	NAG_vs_IM	PRIMARY_TECHNICAL	HPL00189	False	9	0.8182	1	0	MONOMORPHIC_OR_UNCALLABLE
PRJNA360417	NAG_vs_IM	PRIMARY_TECHNICAL	HPL00347	False	7	0.6364	1	0	CALLABILITY_0.636_LT_0.80;MONOMORPHIC_OR_UNCALLABLE
PRJNA360417	NAG_vs_IM	PRIMARY_TECHNICAL	HPL00274	False	7	0.6364	1	0	CALLABILITY_0.636_LT_0.80;MONOMORPHIC_OR_UNCALLABLE
PRJNA360417	NAG_vs_IM	PRIMARY_TECHNICAL	HPL00379	False	11	1.0	1	0	MONOMORPHIC_OR_UNCALLABLE
PRJNA360417	NAG_vs_IM	PRIMARY_TECHNICAL	HPL00383	False	11	1.0	1	0	MONOMORPHIC_OR_UNCALLABLE
PRJNA360417	NAG_vs_IM	PRIMARY_TECHNICAL	HPL00531	False	7	0.6364	1	0	CALLABILITY_0.636_LT_0.80;MONOMORPHIC_OR_UNCALLABLE
PRJNA360417	NAG_vs_IM	PRIMARY_TECHNICAL	HPL01053	False	3	0.2727	2	1	CALLABILITY_0.273_LT_0.80;MINOR_ALLELE_COUNT_1_LT_2
PRJNA360417	NAG_vs_IM	PRIMARY_TECHNICAL	HPL00209	False	11	1.0	1	0	MONOMORPHIC_OR_UNCALLABLE
PRJNA360417	NAG_vs_IM	PRIMARY_TECHNICAL	HPL00460	False	10	0.9091	1	0	MONOMORPHIC_OR_UNCALLABLE
PRJNA360417	NAG_vs_IM	PRIMARY_TECHNICAL	HPL00155	False	11	1.0	1	0	MONOMORPHIC_OR_UNCALLABLE
PRJNA360417	NAG_vs_IM	PRIMARY_TECHNICAL	HPL00261	False	10	0.9091	1	0	MONOMORPHIC_OR_UNCALLABLE
PRJNA360417	NAG_vs_IM	PRIMARY_TECHNICAL	HPL00414	False	9	0.8182	1	0	MONOMORPHIC_OR_UNCALLABLE
PRJNA360417	NAG_vs_IM	PRIMARY_TECHNICAL	HPL00134	False	2	0.1818	1	0	CALLABILITY_0.182_LT_0.80;MONOMORPHIC_OR_UNCALLABLE
PRJNA360417	NAG_vs_IM	PRIMARY_TECHNICAL	HPL00231	False	11	1.0	1	0	MONOMORPHIC_OR_UNCALLABLE
PRJNA360417	NAG_vs_IM	PRIMARY_TECHNICAL	HPL00187	False	11	1.0	1	0	MONOMORPHIC_OR_UNCALLABLE
PRJNA360417	NAG_vs_IM	PRIMARY_TECHNICAL	HPL00540	False	11	1.0	1	0	MONOMORPHIC_OR_UNCALLABLE
PRJNA360417	NAG_vs_IM	PRIMARY_TECHNICAL	HPL00075	False	7	0.6364	1	0	CALLABILITY_0.636_LT_0.80;MONOMORPHIC_OR_UNCALLABLE
PRJNA360417	NAG_vs_IM	PRIMARY_TECHNICAL	HPL00141	False	11	1.0	1	0	MONOMORPHIC_OR_UNCALLABLE
PRJNA360417	NAG_vs_IM	PRIMARY_TECHNICAL	HPL00223	False	10	0.9091	1	0	MONOMORPHIC_OR_UNCALLABLE
PRJNA360417	NAG_vs_IM	PRIMARY_TECHNICAL	HPL00357	False	11	1.0	1	0	MONOMORPHIC_OR_UNCALLABLE
PRJNA360417	NAG_vs_IM	PRIMARY_TECHNICAL	HPL00107	False	11	1.0	1	0	MONOMORPHIC_OR_UNCALLABLE
PRJNA360417	NAG_vs_IM	PRIMARY_TECHNICAL	HPL00423	False	10	0.9091	1	0	MONOMORPHIC_OR_UNCALLABLE
PRJNA360417	NAG_vs_IM	PRIMARY_TECHNICAL	HPL00424	False	11	1.0	1	0	MONOMORPHIC_OR_UNCALLABLE
PRJNA360417	NAG_vs_IM	PRIMARY_TECHNICAL	HPL00782	False	8	0.7273	1	0	CALLABILITY_0.727_LT_0.80;MONOMORPHIC_OR_UNCALLABLE
PRJNA360417	NAG_vs_IM	PRIMARY_TECHNICAL	HPL00818	False	3	0.2727	1	0	CALLABILITY_0.273_LT_0.80;MONOMORPHIC_OR_UNCALLABLE
PRJNA360417	NAG_vs_IM	PRIMARY_TECHNICAL	HPL00934	False	7	0.6364	2	3	CALLABILITY_0.636_LT_0.80
PRJNA360417	NAG_vs_IM	PRIMARY_TECHNICAL	HPL00361	False	11	1.0	1	0	MONOMORPHIC_OR_UNCALLABLE
PRJNA360417	NAG_vs_IM	PRIMARY_TECHNICAL	HPL00609	False	11	1.0	2	1	MINOR_ALLELE_COUNT_1_LT_2
PRJNA360417	NAG_vs_IM	PRIMARY_TECHNICAL	HPL00443	False	11	1.0	1	0	MONOMORPHIC_OR_UNCALLABLE
PRJNA360417	NAG_vs_IM	PRIMARY_TECHNICAL	HPL00321	False	3	0.2727	3	1	CALLABILITY_0.273_LT_0.80;MINOR_ALLELE_COUNT_1_LT_2
PRJNA360417	NAG_vs_IM	PRIMARY_TECHNICAL	HPL00225	False	8	0.7273	1	0	CALLABILITY_0.727_LT_0.80;MONOMORPHIC_OR_UNCALLABLE
PRJNA360417	NAG_vs_IM	PRIMARY_TECHNICAL	HPL00163	False	11	1.0	1	0	MONOMORPHIC_OR_UNCALLABLE
PRJNA360417	NAG_vs_IM	PRIMARY_TECHNICAL	HPL00386	False	8	0.7273	2	1	CALLABILITY_0.727_LT_0.80;MINOR_ALLELE_COUNT_1_LT_2
PRJNA360417	NAG_vs_IM	PRIMARY_TECHNICAL	HPL00105	False	11	1.0	1	0	MONOMORPHIC_OR_UNCALLABLE
PRJNA360417	NAG_vs_IM	PRIMARY_TECHNICAL	HPL00376	False	11	1.0	1	0	MONOMORPHIC_OR_UNCALLABLE
PRJNA360417	NAG_vs_IM	PRIMARY_TECHNICAL	HPL00234	False	10	0.9091	1	0	MONOMORPHIC_OR_UNCALLABLE
PRJNA360417	NAG_vs_IM	PRIMARY_TECHNICAL	HPL00849	False	3	0.2727	1	0	CALLABILITY_0.273_LT_0.80;MONOMORPHIC_OR_UNCALLABLE
PRJNA360417	NAG_vs_IM	PRIMARY_TECHNICAL	HPL00229	False	11	1.0	1	0	MONOMORPHIC_OR_UNCALLABLE
PRJNA360417	NAG_vs_IM	PRIMARY_TECHNICAL	HPL00502	False	10	0.9091	1	0	MONOMORPHIC_OR_UNCALLABLE
PRJNA360417	NAG_vs_IM	PRIMARY_TECHNICAL	HPL00521	False	5	0.4545	1	0	CALLABILITY_0.455_LT_0.80;MONOMORPHIC_OR_UNCALLABLE
PRJNA360417	NAG_vs_IM	PRIMARY_TECHNICAL	HPL00165	False	11	1.0	1	0	MONOMORPHIC_OR_UNCALLABLE
PRJNA360417	NAG_vs_IM	PRIMARY_TECHNICAL	HPL00360	False	9	0.8182	1	0	MONOMORPHIC_OR_UNCALLABLE
PRJNA360417	NAG_vs_IM	PRIMARY_TECHNICAL	HPL00025	False	11	1.0	1	0	MONOMORPHIC_OR_UNCALLABLE
PRJNA360417	NAG_vs_IM	PRIMARY_TECHNICAL	HPL00125	False	11	1.0	1	0	MONOMORPHIC_OR_UNCALLABLE
PRJNA360417	NAG_vs_IM	PRIMARY_TECHNICAL	HPL00008	False	11	1.0	1	0	MONOMORPHIC_OR_UNCALLABLE
PRJNA360417	NAG_vs_IM	PRIMARY_TECHNICAL	HPL00342	False	11	1.0	1	0	MONOMORPHIC_OR_UNCALLABLE
PRJNA360417	NAG_vs_IM	PRIMARY_TECHNICAL	HPL00702	False	8	0.7273	1	0	CALLABILITY_0.727_LT_0.80;MONOMORPHIC_OR_UNCALLABLE
PRJNA360417	NAG_vs_IM	PRIMARY_TECHNICAL	HPL00013	False	11	1.0	1	0	MONOMORPHIC_OR_UNCALLABLE
PRJNA360417	NAG_vs_IM	PRIMARY_TECHNICAL	HPL00172	False	11	1.0	1	0	MONOMORPHIC_OR_UNCALLABLE
PRJNA360417	NAG_vs_IM	PRIMARY_TECHNICAL	HPL00679	False	7	0.6364	3	2	CALLABILITY_0.636_LT_0.80
PRJNA360417	NAG_vs_IM	PRIMARY_TECHNICAL	HPL00804	False	11	1.0	1	0	MONOMORPHIC_OR_UNCALLABLE
PRJNA360417	NAG_vs_IM	PRIMARY_TECHNICAL	HPL00304	False	10	0.9091	1	0	MONOMORPHIC_OR_UNCALLABLE
PRJNA360417	NAG_vs_IM	PRIMARY_TECHNICAL	HPL00496	False	11	1.0	1	0	MONOMORPHIC_OR_UNCALLABLE
PRJNA360417	NAG_vs_IM	PRIMARY_TECHNICAL	HPL00264	False	5	0.4545	1	0	CALLABILITY_0.455_LT_0.80;MONOMORPHIC_OR_UNCALLABLE
PRJNA360417	NAG_vs_IM	PRIMARY_TECHNICAL	HPL00352	False	5	0.4545	2	1	CALLABILITY_0.455_LT_0.80;MINOR_ALLELE_COUNT_1_LT_2
PRJNA360417	NAG_vs_IM	PRIMARY_TECHNICAL	HPL00482	False	11	1.0	1	0	MONOMORPHIC_OR_UNCALLABLE
PRJNA360417	NAG_vs_IM	PRIMARY_TECHNICAL	HPL00613	False	8	0.7273	2	1	CALLABILITY_0.727_LT_0.80;MINOR_ALLELE_COUNT_1_LT_2
PRJNA360417	NAG_vs_IM	PRIMARY_TECHNICAL	HPL00318	False	5	0.4545	1	0	CALLABILITY_0.455_LT_0.80;MONOMORPHIC_OR_UNCALLABLE
PRJNA360417	NAG_vs_IM	PRIMARY_TECHNICAL	HPL00166	False	11	1.0	2	1	MINOR_ALLELE_COUNT_1_LT_2
PRJNA360417	NAG_vs_IM	PRIMARY_TECHNICAL	HPL00243	False	11	1.0	1	0	MONOMORPHIC_OR_UNCALLABLE
PRJNA360417	NAG_vs_IM	PRIMARY_TECHNICAL	HPL00751	False	11	1.0	1	0	MONOMORPHIC_OR_UNCALLABLE
PRJNA360417	NAG_vs_IM	PRIMARY_TECHNICAL	HPL00024	False	7	0.6364	1	0	CALLABILITY_0.636_LT_0.80;MONOMORPHIC_OR_UNCALLABLE
PRJNA360417	NAG_vs_IM	PRIMARY_TECHNICAL	HPL00325	False	11	1.0	1	0	MONOMORPHIC_OR_UNCALLABLE
PRJNA360417	NAG_vs_IM	PRIMARY_TECHNICAL	HPL00369	False	8	0.7273	1	0	CALLABILITY_0.727_LT_0.80;MONOMORPHIC_OR_UNCALLABLE
PRJNA360417	NAG_vs_IM	PRIMARY_TECHNICAL	HPL00108	False	11	1.0	1	0	MONOMORPHIC_OR_UNCALLABLE
PRJNA360417	NAG_vs_IM	PRIMARY_TECHNICAL	HPL00544	False	10	0.9091	1	0	MONOMORPHIC_OR_UNCALLABLE
PRJNA360417	NAG_vs_IM	PRIMARY_TECHNICAL	HPL00043	False	10	0.9091	1	0	MONOMORPHIC_OR_UNCALLABLE
PRJNA360417	NAG_vs_IM	PRIMARY_TECHNICAL	HPL00838	False	2	0.1818	1	0	CALLABILITY_0.182_LT_0.80;MONOMORPHIC_OR_UNCALLABLE
PRJNA360417	NAG_vs_IM	PRIMARY_TECHNICAL	HPL00365	False	11	1.0	1	0	MONOMORPHIC_OR_UNCALLABLE
PRJNA360417	NAG_vs_IM	PRIMARY_TECHNICAL	HPL00242	False	10	0.9091	1	0	MONOMORPHIC_OR_UNCALLABLE
PRJNA360417	NAG_vs_IM	PRIMARY_TECHNICAL	HPL00246	False	11	1.0	1	0	MONOMORPHIC_OR_UNCALLABLE
PRJNA360417	NAG_vs_IM	PRIMARY_TECHNICAL	HPL00442	False	10	0.9091	1	0	MONOMORPHIC_OR_UNCALLABLE
PRJNA360417	NAG_vs_IM	PRIMARY_TECHNICAL	HPL00645	False	11	1.0	2	1	MINOR_ALLELE_COUNT_1_LT_2
PRJNA360417	NAG_vs_IM	PRIMARY_TECHNICAL	HPL00311	False	11	1.0	1	0	MONOMORPHIC_OR_UNCALLABLE
PRJNA360417	NAG_vs_IM	PRIMARY_TECHNICAL	HPL00111	False	11	1.0	1	0	MONOMORPHIC_OR_UNCALLABLE
PRJNA360417	NAG_vs_IM	PRIMARY_TECHNICAL	HPL00337	False	11	1.0	1	0	MONOMORPHIC_OR_UNCALLABLE
PRJNA360417	NAG_vs_IM	PRIMARY_TECHNICAL	HPL00421	False	10	0.9091	1	0	MONOMORPHIC_OR_UNCALLABLE
PRJNA360417	NAG_vs_IM	PRIMARY_TECHNICAL	HPL00044	False	7	0.6364	2	1	CALLABILITY_0.636_LT_0.80;MINOR_ALLELE_COUNT_1_LT_2
PRJNA360417	NAG_vs_IM	PRIMARY_TECHNICAL	HPL00305	False	10	0.9091	2	1	MINOR_ALLELE_COUNT_1_LT_2
PRJNA360417	NAG_vs_IM	PRIMARY_TECHNICAL	HPL00090	False	10	0.9091	1	0	MONOMORPHIC_OR_UNCALLABLE
PRJNA360417	NAG_vs_IM	PRIMARY_TECHNICAL	HPL00239	False	10	0.9091	1	0	MONOMORPHIC_OR_UNCALLABLE
PRJNA360417	NAG_vs_IM	PRIMARY_TECHNICAL	HPL00380	False	10	0.9091	1	0	MONOMORPHIC_OR_UNCALLABLE
PRJNA360417	NAG_vs_IM	PRIMARY_TECHNICAL	HPL00419	False	11	1.0	1	0	MONOMORPHIC_OR_UNCALLABLE
PRJNA360417	NAG_vs_IM	PRIMARY_TECHNICAL	HPL00072	False	11	1.0	1	0	MONOMORPHIC_OR_UNCALLABLE
PRJNA360417	NAG_vs_IM	PRIMARY_TECHNICAL	HPL00232	False	11	1.0	1	0	MONOMORPHIC_OR_UNCALLABLE
PRJNA360417	NAG_vs_IM	PRIMARY_TECHNICAL	HPL00162	False	10	0.9091	1	0	MONOMORPHIC_OR_UNCALLABLE
PRJNA360417	NAG_vs_IM	PRIMARY_TECHNICAL	HPL00573	False	10	0.9091	1	0	MONOMORPHIC_OR_UNCALLABLE
PRJNA360417	NAG_vs_IM	PRIMARY_TECHNICAL	HPL00014	False	11	1.0	1	0	MONOMORPHIC_OR_UNCALLABLE
PRJNA360417	NAG_vs_IM	PRIMARY_TECHNICAL	HPL00117	False	11	1.0	1	0	MONOMORPHIC_OR_UNCALLABLE
PRJNA360417	NAG_vs_IM	PRIMARY_TECHNICAL	HPL00002	False	11	1.0	1	0	MONOMORPHIC_OR_UNCALLABLE
PRJNA360417	NAG_vs_IM	PRIMARY_TECHNICAL	HPL00267	False	10	0.9091	1	0	MONOMORPHIC_OR_UNCALLABLE
PRJNA360417	NAG_vs_IM	PRIMARY_TECHNICAL	HPL00640	False	11	1.0	1	0	MONOMORPHIC_OR_UNCALLABLE
PRJNA360417	NAG_vs_IM	PRIMARY_TECHNICAL	HPL00817	False	9	0.8182	1	0	MONOMORPHIC_OR_UNCALLABLE
PRJNA360417	NAG_vs_IM	PRIMARY_TECHNICAL	HPL00143	False	11	1.0	1	0	MONOMORPHIC_OR_UNCALLABLE
PRJNA360417	NAG_vs_IM	PRIMARY_TECHNICAL	HPL00322	False	5	0.4545	2	1	CALLABILITY_0.455_LT_0.80;MINOR_ALLELE_COUNT_1_LT_2
PRJNA360417	NAG_vs_IM	PRIMARY_TECHNICAL	HPL00303	False	11	1.0	1	0	MONOMORPHIC_OR_UNCALLABLE
PRJNA360417	NAG_vs_IM	PRIMARY_TECHNICAL	HPL00429	False	10	0.9091	1	0	MONOMORPHIC_OR_UNCALLABLE
PRJNA360417	NAG_vs_IM	PRIMARY_TECHNICAL	HPL00809	False	4	0.3636	1	0	CALLABILITY_0.364_LT_0.80;MONOMORPHIC_OR_UNCALLABLE
PRJNA360417	NAG_vs_IM	PRIMARY_TECHNICAL	HPL00174	False	11	1.0	1	0	MONOMORPHIC_OR_UNCALLABLE
PRJNA360417	NAG_vs_IM	PRIMARY_TECHNICAL	HPL00154	False	10	0.9091	1	0	MONOMORPHIC_OR_UNCALLABLE
PRJNA360417	NAG_vs_IM	PRIMARY_TECHNICAL	HPL00835	False	9	0.8182	1	0	MONOMORPHIC_OR_UNCALLABLE
PRJNA360417	NAG_vs_IM	PRIMARY_TECHNICAL	HPL00050	False	10	0.9091	1	0	MONOMORPHIC_OR_UNCALLABLE
PRJNA360417	NAG_vs_IM	PRIMARY_TECHNICAL	HPL00042	False	11	1.0	1	0	MONOMORPHIC_OR_UNCALLABLE
PRJNA360417	NAG_vs_IM	PRIMARY_TECHNICAL	HPL00465	False	11	1.0	1	0	MONOMORPHIC_OR_UNCALLABLE
PRJNA360417	NAG_vs_IM	PRIMARY_TECHNICAL	HPL00089	False	11	1.0	1	0	MONOMORPHIC_OR_UNCALLABLE
PRJNA360417	NAG_vs_IM	PRIMARY_TECHNICAL	HPL00199	False	11	1.0	1	0	MONOMORPHIC_OR_UNCALLABLE
PRJNA360417	NAG_vs_IM	PRIMARY_TECHNICAL	HPL00505	False	3	0.2727	1	0	CALLABILITY_0.273_LT_0.80;MONOMORPHIC_OR_UNCALLABLE
PRJNA360417	NAG_vs_IM	PRIMARY_TECHNICAL	HPL00503	False	8	0.7273	4	2	CALLABILITY_0.727_LT_0.80
PRJNA360417	NAG_vs_IM	PRIMARY_TECHNICAL	HPL00079	False	10	0.9091	1	0	MONOMORPHIC_OR_UNCALLABLE
PRJNA360417	NAG_vs_IM	PRIMARY_TECHNICAL	HPL00169	False	11	1.0	1	0	MONOMORPHIC_OR_UNCALLABLE
PRJNA360417	NAG_vs_IM	PRIMARY_TECHNICAL	HPL00548	False	4	0.3636	1	0	CALLABILITY_0.364_LT_0.80;MONOMORPHIC_OR_UNCALLABLE
PRJNA360417	NAG_vs_IM	PRIMARY_TECHNICAL	HPL00313	False	10	0.9091	1	0	MONOMORPHIC_OR_UNCALLABLE
PRJNA360417	NAG_vs_IM	PRIMARY_TECHNICAL	HPL00601	False	11	1.0	1	0	MONOMORPHIC_OR_UNCALLABLE
PRJNA360417	NAG_vs_IM	PRIMARY_TECHNICAL	HPL00319	False	4	0.3636	1	0	CALLABILITY_0.364_LT_0.80;MONOMORPHIC_OR_UNCALLABLE
PRJNA360417	NAG_vs_IM	PRIMARY_TECHNICAL	HPL01081	False	3	0.2727	1	0	CALLABILITY_0.273_LT_0.80;MONOMORPHIC_OR_UNCALLABLE
PRJNA360417	NAG_vs_IM	PRIMARY_TECHNICAL	HPL00370	False	10	0.9091	1	0	MONOMORPHIC_OR_UNCALLABLE
PRJNA360417	NAG_vs_IM	PRIMARY_TECHNICAL	HPL00074	False	11	1.0	1	0	MONOMORPHIC_OR_UNCALLABLE
PRJNA360417	NAG_vs_IM	PRIMARY_TECHNICAL	HPL00204	False	11	1.0	1	0	MONOMORPHIC_OR_UNCALLABLE
PRJNA360417	NAG_vs_IM	PRIMARY_TECHNICAL	HPL00292	False	3	0.2727	1	0	CALLABILITY_0.273_LT_0.80;MONOMORPHIC_OR_UNCALLABLE
PRJNA360417	NAG_vs_IM	PRIMARY_TECHNICAL	HPL00112	False	10	0.9091	1	0	MONOMORPHIC_OR_UNCALLABLE
PRJNA360417	NAG_vs_IM	PRIMARY_TECHNICAL	HPL00709	True	9	0.8182	2	2	PASS
PRJNA360417	NAG_vs_IM	PRIMARY_TECHNICAL	HPL00682	False	2	0.1818	2	1	CALLABILITY_0.182_LT_0.80;MINOR_ALLELE_COUNT_1_LT_2
PRJNA360417	NAG_vs_IM	PRIMARY_TECHNICAL	HPL00466	False	11	1.0	1	0	MONOMORPHIC_OR_UNCALLABLE
PRJNA360417	NAG_vs_IM	PRIMARY_TECHNICAL	HPL00413	False	9	0.8182	1	0	MONOMORPHIC_OR_UNCALLABLE
PRJNA360417	NAG_vs_IM	PRIMARY_TECHNICAL	HPL00524	False	11	1.0	1	0	MONOMORPHIC_OR_UNCALLABLE
PRJNA360417	NAG_vs_IM	PRIMARY_TECHNICAL	HPL00761	False	10	0.9091	1	0	MONOMORPHIC_OR_UNCALLABLE
PRJNA360417	NAG_vs_IM	PRIMARY_TECHNICAL	HPL00447	False	9	0.8182	1	0	MONOMORPHIC_OR_UNCALLABLE
PRJNA360417	NAG_vs_IM	PRIMARY_TECHNICAL	HPL00530	False	11	1.0	1	0	MONOMORPHIC_OR_UNCALLABLE
PRJNA360417	NAG_vs_IM	PRIMARY_TECHNICAL	HPL00145	False	8	0.7273	1	0	CALLABILITY_0.727_LT_0.80;MONOMORPHIC_OR_UNCALLABLE
PRJNA360417	NAG_vs_IM	PRIMARY_TECHNICAL	HPL00262	False	10	0.9091	1	0	MONOMORPHIC_OR_UNCALLABLE
PRJNA360417	NAG_vs_IM	PRIMARY_TECHNICAL	HPL00273	False	8	0.7273	1	0	CALLABILITY_0.727_LT_0.80;MONOMORPHIC_OR_UNCALLABLE
PRJNA360417	NAG_vs_IM	PRIMARY_TECHNICAL	HPL00450	False	11	1.0	1	0	MONOMORPHIC_OR_UNCALLABLE
PRJNA360417	NAG_vs_IM	PRIMARY_TECHNICAL	HPL00514	False	8	0.7273	1	0	CALLABILITY_0.727_LT_0.80;MONOMORPHIC_OR_UNCALLABLE
PRJNA360417	NAG_vs_IM	PRIMARY_TECHNICAL	HPL00113	False	11	1.0	1	0	MONOMORPHIC_OR_UNCALLABLE
PRJNA360417	NAG_vs_IM	PRIMARY_TECHNICAL	HPL00351	False	11	1.0	1	0	MONOMORPHIC_OR_UNCALLABLE
PRJNA360417	NAG_vs_IM	PRIMARY_TECHNICAL	HPL00407	False	11	1.0	1	0	MONOMORPHIC_OR_UNCALLABLE
PRJNA360417	NAG_vs_IM	PRIMARY_TECHNICAL	HPL00127	False	10	0.9091	1	0	MONOMORPHIC_OR_UNCALLABLE
PRJNA360417	NAG_vs_IM	PRIMARY_TECHNICAL	HPL00493	False	11	1.0	2	1	MINOR_ALLELE_COUNT_1_LT_2
PRJNA360417	NAG_vs_IM	PRIMARY_TECHNICAL	HPL00275	False	7	0.6364	1	0	CALLABILITY_0.636_LT_0.80;MONOMORPHIC_OR_UNCALLABLE
PRJNA360417	NAG_vs_IM	PRIMARY_TECHNICAL	HPL00576	False	4	0.3636	1	0	CALLABILITY_0.364_LT_0.80;MONOMORPHIC_OR_UNCALLABLE
PRJNA360417	NAG_vs_IM	PRIMARY_TECHNICAL	HPL00604	False	4	0.3636	2	1	CALLABILITY_0.364_LT_0.80;MINOR_ALLELE_COUNT_1_LT_2
PRJNA360417	NAG_vs_IM	PRIMARY_TECHNICAL	HPL00183	False	11	1.0	1	0	MONOMORPHIC_OR_UNCALLABLE
PRJNA360417	NAG_vs_IM	PRIMARY_TECHNICAL	HPL00001	False	11	1.0	1	0	MONOMORPHIC_OR_UNCALLABLE
PRJNA360417	NAG_vs_IM	PRIMARY_TECHNICAL	HPL00084	False	11	1.0	1	0	MONOMORPHIC_OR_UNCALLABLE
PRJNA360417	NAG_vs_IM	PRIMARY_TECHNICAL	HPL00126	False	11	1.0	1	0	MONOMORPHIC_OR_UNCALLABLE
PRJNA360417	NAG_vs_IM	PRIMARY_TECHNICAL	HPL00191	False	8	0.7273	1	0	CALLABILITY_0.727_LT_0.80;MONOMORPHIC_OR_UNCALLABLE
PRJNA360417	NAG_vs_IM	PRIMARY_TECHNICAL	HPL00077	False	11	1.0	1	0	MONOMORPHIC_OR_UNCALLABLE
PRJNA360417	NAG_vs_IM	PRIMARY_TECHNICAL	HPL00289	False	8	0.7273	1	0	CALLABILITY_0.727_LT_0.80;MONOMORPHIC_OR_UNCALLABLE
PRJNA360417	NAG_vs_IM	PRIMARY_TECHNICAL	HPL00064	False	6	0.5455	2	2	CALLABILITY_0.545_LT_0.80
PRJNA360417	NAG_vs_IM	PRIMARY_TECHNICAL	HPL00270	False	10	0.9091	1	0	MONOMORPHIC_OR_UNCALLABLE
PRJNA360417	NAG_vs_IM	PRIMARY_TECHNICAL	HPL00297	False	9	0.8182	1	0	MONOMORPHIC_OR_UNCALLABLE
PRJNA360417	NAG_vs_IM	PRIMARY_TECHNICAL	HPL00354	False	7	0.6364	1	0	CALLABILITY_0.636_LT_0.80;MONOMORPHIC_OR_UNCALLABLE
PRJNA360417	NAG_vs_IM	PRIMARY_TECHNICAL	HPL00392	False	11	1.0	1	0	MONOMORPHIC_OR_UNCALLABLE
PRJNA360417	NAG_vs_IM	PRIMARY_TECHNICAL	HPL00750	False	7	0.6364	1	0	CALLABILITY_0.636_LT_0.80;MONOMORPHIC_OR_UNCALLABLE
PRJNA360417	NAG_vs_IM	PRIMARY_TECHNICAL	HPL01110	False	11	1.0	1	0	MONOMORPHIC_OR_UNCALLABLE
PRJNA360417	NAG_vs_IM	PRIMARY_TECHNICAL	HPL00435	False	11	1.0	1	0	MONOMORPHIC_OR_UNCALLABLE
PRJNA360417	NAG_vs_IM	PRIMARY_TECHNICAL	HPL00040	False	11	1.0	1	0	MONOMORPHIC_OR_UNCALLABLE
PRJNA360417	NAG_vs_IM	PROVISIONAL_TECHNICAL	HPL00312	False	11	1.0	1	0	MONOMORPHIC_OR_UNCALLABLE
PRJNA360417	NAG_vs_IM	PROVISIONAL_TECHNICAL	HPL00387	False	6	0.5455	1	0	CALLABILITY_0.545_LT_0.80;MONOMORPHIC_OR_UNCALLABLE
PRJNA360417	NAG_vs_IM	PROVISIONAL_TECHNICAL	HPL00439	False	10	0.9091	1	0	MONOMORPHIC_OR_UNCALLABLE
PRJNA360417	NAG_vs_IM	PROVISIONAL_TECHNICAL	HPL00510	False	5	0.4545	1	0	CALLABILITY_0.455_LT_0.80;MONOMORPHIC_OR_UNCALLABLE
PRJNA360417	NAG_vs_IM	PROVISIONAL_TECHNICAL	HPL00061	False	7	0.6364	4	2	CALLABILITY_0.636_LT_0.80
PRJNA360417	NAG_vs_IM	PROVISIONAL_TECHNICAL	HPL00549	False	11	1.0	1	0	MONOMORPHIC_OR_UNCALLABLE
PRJNA360417	NAG_vs_IM	PROVISIONAL_TECHNICAL	HPL00426	False	2	0.1818	2	1	CALLABILITY_0.182_LT_0.80;MINOR_ALLELE_COUNT_1_LT_2
PRJNA360417	NAG_vs_IM	PROVISIONAL_TECHNICAL	HPL00033	False	10	0.9091	1	0	MONOMORPHIC_OR_UNCALLABLE
PRJNA360417	NAG_vs_IM	PROVISIONAL_TECHNICAL	HPL00046	False	9	0.8182	1	0	MONOMORPHIC_OR_UNCALLABLE
PRJNA360417	NAG_vs_IM	PROVISIONAL_TECHNICAL	HPL00060	False	3	0.2727	1	0	CALLABILITY_0.273_LT_0.80;MONOMORPHIC_OR_UNCALLABLE
PRJNA360417	NAG_vs_IM	PROVISIONAL_TECHNICAL	HPL00453	False	6	0.5455	6	1	CALLABILITY_0.545_LT_0.80;MINOR_ALLELE_COUNT_1_LT_2
PRJNA360417	NAG_vs_IM	PROVISIONAL_TECHNICAL	HPL00385	False	7	0.6364	1	0	CALLABILITY_0.636_LT_0.80;MONOMORPHIC_OR_UNCALLABLE
PRJNA360417	NAG_vs_IM	PROVISIONAL_TECHNICAL	HPL00608	False	9	0.8182	1	0	MONOMORPHIC_OR_UNCALLABLE
PRJNA360417	NAG_vs_IM	PROVISIONAL_TECHNICAL	HPL00230	False	11	1.0	1	0	MONOMORPHIC_OR_UNCALLABLE
PRJNA360417	NAG_vs_IM	PROVISIONAL_TECHNICAL	HPL00083	False	11	1.0	2	1	MINOR_ALLELE_COUNT_1_LT_2
PRJNA360417	NAG_vs_IM	PROVISIONAL_TECHNICAL	HPL00330	False	10	0.9091	1	0	MONOMORPHIC_OR_UNCALLABLE
PRJNA360417	NAG_vs_IM	PROVISIONAL_TECHNICAL	HPL00454	False	10	0.9091	1	0	MONOMORPHIC_OR_UNCALLABLE
PRJNA360417	NAG_vs_IM	PROVISIONAL_TECHNICAL	HPL00045	False	4	0.3636	3	1	CALLABILITY_0.364_LT_0.80;MINOR_ALLELE_COUNT_1_LT_2
PRJNA360417	NAG_vs_IM	PROVISIONAL_TECHNICAL	HPL00291	False	11	1.0	1	0	MONOMORPHIC_OR_UNCALLABLE
PRJNA360417	NAG_vs_IM	PROVISIONAL_TECHNICAL	HPL00487	False	11	1.0	1	0	MONOMORPHIC_OR_UNCALLABLE
PRJNA360417	NAG_vs_IM	PROVISIONAL_TECHNICAL	HPL00499	False	10	0.9091	1	0	MONOMORPHIC_OR_UNCALLABLE
PRJNA360417	NAG_vs_IM	PROVISIONAL_TECHNICAL	HPL00018	False	3	0.2727	2	1	CALLABILITY_0.273_LT_0.80;MINOR_ALLELE_COUNT_1_LT_2
PRJNA360417	NAG_vs_IM	PROVISIONAL_TECHNICAL	HPL00743	False	10	0.9091	1	0	MONOMORPHIC_OR_UNCALLABLE
PRJNA360417	NAG_vs_IM	PROVISIONAL_TECHNICAL	HPL01098	False	7	0.6364	1	0	CALLABILITY_0.636_LT_0.80;MONOMORPHIC_OR_UNCALLABLE
PRJNA360417	NAG_vs_IM	PROVISIONAL_TECHNICAL	HPL00381	False	10	0.9091	1	0	MONOMORPHIC_OR_UNCALLABLE
PRJNA360417	NAG_vs_IM	PROVISIONAL_TECHNICAL	HPL00628	False	0	0.0	0	0	CALLABILITY_0.000_LT_0.80;MONOMORPHIC_OR_UNCALLABLE
PRJNA360417	NAG_vs_IM	PROVISIONAL_TECHNICAL	HPL00022	False	11	1.0	1	0	MONOMORPHIC_OR_UNCALLABLE
PRJNA360417	NAG_vs_IM	PROVISIONAL_TECHNICAL	HPL00533	False	11	1.0	1	0	MONOMORPHIC_OR_UNCALLABLE
PRJNA360417	NAG_vs_IM	PROVISIONAL_TECHNICAL	HPL00063	False	11	1.0	2	1	MINOR_ALLELE_COUNT_1_LT_2
PRJNA360417	NAG_vs_IM	PROVISIONAL_TECHNICAL	HPL00030	False	11	1.0	1	0	MONOMORPHIC_OR_UNCALLABLE
PRJNA360417	NAG_vs_IM	PROVISIONAL_TECHNICAL	HPL00685	False	5	0.4545	4	1	CALLABILITY_0.455_LT_0.80;MINOR_ALLELE_COUNT_1_LT_2
PRJNA360417	NAG_vs_IM	PROVISIONAL_TECHNICAL	HPL00031	False	10	0.9091	1	0	MONOMORPHIC_OR_UNCALLABLE
PRJNA360417	NAG_vs_IM	PROVISIONAL_TECHNICAL	HPL00197	False	9	0.8182	1	0	MONOMORPHIC_OR_UNCALLABLE
PRJNA360417	NAG_vs_IM	PROVISIONAL_TECHNICAL	HPL00151	False	5	0.4545	1	0	CALLABILITY_0.455_LT_0.80;MONOMORPHIC_OR_UNCALLABLE
PRJNA360417	NAG_vs_IM	PROVISIONAL_TECHNICAL	HPL00065	False	11	1.0	1	0	MONOMORPHIC_OR_UNCALLABLE
PRJNA360417	NAG_vs_IM	PROVISIONAL_TECHNICAL	HPL00622	False	11	1.0	1	0	MONOMORPHIC_OR_UNCALLABLE
PRJNA360417	NAG_vs_IM	PROVISIONAL_TECHNICAL	HPL00299	False	10	0.9091	1	0	MONOMORPHIC_OR_UNCALLABLE
PRJNA360417	NAG_vs_IM	PROVISIONAL_TECHNICAL	HPL00518	False	8	0.7273	4	2	CALLABILITY_0.727_LT_0.80
PRJNA360417	NAG_vs_IM	PROVISIONAL_TECHNICAL	HPL00070	False	11	1.0	1	0	MONOMORPHIC_OR_UNCALLABLE
PRJNA678459	AG_vs_GC	PRIMARY_TECHNICAL	HPL00332	False	10	1.0	1	0	MONOMORPHIC_OR_UNCALLABLE
PRJNA678459	AG_vs_GC	PRIMARY_TECHNICAL	HPL00483	False	10	1.0	1	0	MONOMORPHIC_OR_UNCALLABLE
PRJNA678459	AG_vs_GC	PRIMARY_TECHNICAL	HPL00049	False	10	1.0	1	0	MONOMORPHIC_OR_UNCALLABLE
PRJNA678459	AG_vs_GC	PRIMARY_TECHNICAL	HPL00076	False	10	1.0	1	0	MONOMORPHIC_OR_UNCALLABLE
PRJNA678459	AG_vs_GC	PRIMARY_TECHNICAL	HPL00350	False	10	1.0	1	0	MONOMORPHIC_OR_UNCALLABLE
PRJNA678459	AG_vs_GC	PRIMARY_TECHNICAL	HPL00055	False	10	1.0	1	0	MONOMORPHIC_OR_UNCALLABLE
PRJNA678459	AG_vs_GC	PRIMARY_TECHNICAL	HPL00498	False	10	1.0	1	0	MONOMORPHIC_OR_UNCALLABLE
PRJNA678459	AG_vs_GC	PRIMARY_TECHNICAL	HPL00293	False	10	1.0	1	0	MONOMORPHIC_OR_UNCALLABLE
PRJNA678459	AG_vs_GC	PRIMARY_TECHNICAL	HPL00103	True	10	1.0	6	3	PASS
PRJNA678459	AG_vs_GC	PRIMARY_TECHNICAL	HPL00752	False	10	1.0	1	0	MONOMORPHIC_OR_UNCALLABLE
PRJNA678459	AG_vs_GC	PRIMARY_TECHNICAL	HPL00390	False	10	1.0	1	0	MONOMORPHIC_OR_UNCALLABLE
PRJNA678459	AG_vs_GC	PRIMARY_TECHNICAL	HPL00019	False	1	0.1	1	0	CALLABILITY_0.100_LT_0.80;MONOMORPHIC_OR_UNCALLABLE
PRJNA678459	AG_vs_GC	PRIMARY_TECHNICAL	HPL00158	False	7	0.7	1	0	CALLABILITY_0.700_LT_0.80;MONOMORPHIC_OR_UNCALLABLE
PRJNA678459	AG_vs_GC	PRIMARY_TECHNICAL	HPL01050	False	10	1.0	1	0	MONOMORPHIC_OR_UNCALLABLE
PRJNA678459	AG_vs_GC	PRIMARY_TECHNICAL	HPL00329	False	9	0.9	1	0	MONOMORPHIC_OR_UNCALLABLE
PRJNA678459	AG_vs_GC	PRIMARY_TECHNICAL	HPL00080	False	10	1.0	1	0	MONOMORPHIC_OR_UNCALLABLE
PRJNA678459	AG_vs_GC	PRIMARY_TECHNICAL	HPL00377	False	10	1.0	1	0	MONOMORPHIC_OR_UNCALLABLE
PRJNA678459	AG_vs_GC	PRIMARY_TECHNICAL	HPL00409	False	10	1.0	1	0	MONOMORPHIC_OR_UNCALLABLE
PRJNA678459	AG_vs_GC	PRIMARY_TECHNICAL	HPL00104	False	4	0.4	1	0	CALLABILITY_0.400_LT_0.80;MONOMORPHIC_OR_UNCALLABLE
PRJNA678459	AG_vs_GC	PRIMARY_TECHNICAL	HPL00301	False	10	1.0	1	0	MONOMORPHIC_OR_UNCALLABLE
PRJNA678459	AG_vs_GC	PRIMARY_TECHNICAL	HPL00378	False	8	0.8	1	0	MONOMORPHIC_OR_UNCALLABLE
PRJNA678459	AG_vs_GC	PRIMARY_TECHNICAL	HPL00341	False	10	1.0	1	0	MONOMORPHIC_OR_UNCALLABLE
PRJNA678459	AG_vs_GC	PRIMARY_TECHNICAL	HPL00333	False	10	1.0	1	0	MONOMORPHIC_OR_UNCALLABLE
PRJNA678459	AG_vs_GC	PRIMARY_TECHNICAL	HPL00198	False	10	1.0	1	0	MONOMORPHIC_OR_UNCALLABLE
PRJNA678459	AG_vs_GC	PRIMARY_TECHNICAL	HPL00497	False	8	0.8	1	0	MONOMORPHIC_OR_UNCALLABLE
PRJNA678459	AG_vs_GC	PRIMARY_TECHNICAL	HPL00403	False	10	1.0	1	0	MONOMORPHIC_OR_UNCALLABLE
PRJNA678459	AG_vs_GC	PRIMARY_TECHNICAL	HPL00037	False	10	1.0	1	0	MONOMORPHIC_OR_UNCALLABLE
PRJNA678459	AG_vs_GC	PRIMARY_TECHNICAL	HPL00156	False	10	1.0	1	0	MONOMORPHIC_OR_UNCALLABLE
PRJNA678459	AG_vs_GC	PRIMARY_TECHNICAL	HPL00038	False	10	1.0	1	0	MONOMORPHIC_OR_UNCALLABLE
PRJNA678459	AG_vs_GC	PRIMARY_TECHNICAL	HPL00099	False	10	1.0	1	0	MONOMORPHIC_OR_UNCALLABLE
PRJNA678459	AG_vs_GC	PRIMARY_TECHNICAL	HPL00251	False	9	0.9	1	0	MONOMORPHIC_OR_UNCALLABLE
PRJNA678459	AG_vs_GC	PRIMARY_TECHNICAL	HPL00506	False	10	1.0	1	0	MONOMORPHIC_OR_UNCALLABLE
PRJNA678459	AG_vs_GC	PRIMARY_TECHNICAL	HPL00073	False	10	1.0	1	0	MONOMORPHIC_OR_UNCALLABLE
PRJNA678459	AG_vs_GC	PRIMARY_TECHNICAL	HPL00529	False	10	1.0	1	0	MONOMORPHIC_OR_UNCALLABLE
PRJNA678459	AG_vs_GC	PRIMARY_TECHNICAL	HPL00068	True	9	0.9	2	4	PASS
PRJNA678459	AG_vs_GC	PRIMARY_TECHNICAL	HPL00123	False	10	1.0	1	0	MONOMORPHIC_OR_UNCALLABLE
PRJNA678459	AG_vs_GC	PRIMARY_TECHNICAL	HPL00479	False	10	1.0	1	0	MONOMORPHIC_OR_UNCALLABLE
PRJNA678459	AG_vs_GC	PRIMARY_TECHNICAL	HPL00977	False	6	0.6	1	0	CALLABILITY_0.600_LT_0.80;MONOMORPHIC_OR_UNCALLABLE
PRJNA678459	AG_vs_GC	PRIMARY_TECHNICAL	HPL00247	False	10	1.0	1	0	MONOMORPHIC_OR_UNCALLABLE
PRJNA678459	AG_vs_GC	PRIMARY_TECHNICAL	HPL00139	False	10	1.0	1	0	MONOMORPHIC_OR_UNCALLABLE
PRJNA678459	AG_vs_GC	PRIMARY_TECHNICAL	HPL00780	False	7	0.7	1	0	CALLABILITY_0.700_LT_0.80;MONOMORPHIC_OR_UNCALLABLE
PRJNA678459	AG_vs_GC	PRIMARY_TECHNICAL	HPL00051	False	9	0.9	1	0	MONOMORPHIC_OR_UNCALLABLE
PRJNA678459	AG_vs_GC	PRIMARY_TECHNICAL	HPL00469	False	10	1.0	1	0	MONOMORPHIC_OR_UNCALLABLE
PRJNA678459	AG_vs_GC	PRIMARY_TECHNICAL	HPL00571	False	10	1.0	1	0	MONOMORPHIC_OR_UNCALLABLE
PRJNA678459	AG_vs_GC	PRIMARY_TECHNICAL	HPL00170	False	0	0.0	0	0	CALLABILITY_0.000_LT_0.80;MONOMORPHIC_OR_UNCALLABLE
PRJNA678459	AG_vs_GC	PRIMARY_TECHNICAL	HPL00393	False	9	0.9	2	1	MINOR_ALLELE_COUNT_1_LT_2
PRJNA678459	AG_vs_GC	PRIMARY_TECHNICAL	HPL00178	False	9	0.9	1	0	MONOMORPHIC_OR_UNCALLABLE
PRJNA678459	AG_vs_GC	PRIMARY_TECHNICAL	HPL00071	False	10	1.0	1	0	MONOMORPHIC_OR_UNCALLABLE
PRJNA678459	AG_vs_GC	PRIMARY_TECHNICAL	HPL00121	True	10	1.0	2	3	PASS
PRJNA678459	AG_vs_GC	PRIMARY_TECHNICAL	HPL00884	False	10	1.0	1	0	MONOMORPHIC_OR_UNCALLABLE
PRJNA678459	AG_vs_GC	PRIMARY_TECHNICAL	HPL00816	False	4	0.4	1	0	CALLABILITY_0.400_LT_0.80;MONOMORPHIC_OR_UNCALLABLE
PRJNA678459	AG_vs_GC	PRIMARY_TECHNICAL	HPL00288	False	8	0.8	1	0	MONOMORPHIC_OR_UNCALLABLE
PRJNA678459	AG_vs_GC	PRIMARY_TECHNICAL	HPL00244	False	10	1.0	1	0	MONOMORPHIC_OR_UNCALLABLE
PRJNA678459	AG_vs_GC	PRIMARY_TECHNICAL	HPL00353	False	10	1.0	1	0	MONOMORPHIC_OR_UNCALLABLE
PRJNA678459	AG_vs_GC	PRIMARY_TECHNICAL	HPL00840	False	1	0.1	1	0	CALLABILITY_0.100_LT_0.80;MONOMORPHIC_OR_UNCALLABLE
PRJNA678459	AG_vs_GC	PRIMARY_TECHNICAL	HPL01140	False	1	0.1	1	0	CALLABILITY_0.100_LT_0.80;MONOMORPHIC_OR_UNCALLABLE
PRJNA678459	AG_vs_GC	PRIMARY_TECHNICAL	HPL00582	False	10	1.0	1	0	MONOMORPHIC_OR_UNCALLABLE
PRJNA678459	AG_vs_GC	PRIMARY_TECHNICAL	HPL00277	False	10	1.0	1	0	MONOMORPHIC_OR_UNCALLABLE
PRJNA678459	AG_vs_GC	PRIMARY_TECHNICAL	HPL00224	False	10	1.0	1	0	MONOMORPHIC_OR_UNCALLABLE
PRJNA678459	AG_vs_GC	PRIMARY_TECHNICAL	HPL00259	False	10	1.0	1	0	MONOMORPHIC_OR_UNCALLABLE
PRJNA678459	AG_vs_GC	PRIMARY_TECHNICAL	HPL00306	False	10	1.0	1	0	MONOMORPHIC_OR_UNCALLABLE
PRJNA678459	AG_vs_GC	PRIMARY_TECHNICAL	HPL00364	False	10	1.0	1	0	MONOMORPHIC_OR_UNCALLABLE
PRJNA678459	AG_vs_GC	PRIMARY_TECHNICAL	HPL00150	False	10	1.0	1	0	MONOMORPHIC_OR_UNCALLABLE
PRJNA678459	AG_vs_GC	PRIMARY_TECHNICAL	HPL00841	False	5	0.5	1	0	CALLABILITY_0.500_LT_0.80;MONOMORPHIC_OR_UNCALLABLE
PRJNA678459	AG_vs_GC	PRIMARY_TECHNICAL	HPL00119	False	10	1.0	1	0	MONOMORPHIC_OR_UNCALLABLE
PRJNA678459	AG_vs_GC	PRIMARY_TECHNICAL	HPL00214	False	10	1.0	1	0	MONOMORPHIC_OR_UNCALLABLE
PRJNA678459	AG_vs_GC	PRIMARY_TECHNICAL	HPL00316	False	4	0.4	1	0	CALLABILITY_0.400_LT_0.80;MONOMORPHIC_OR_UNCALLABLE
PRJNA678459	AG_vs_GC	PRIMARY_TECHNICAL	HPL00109	False	10	1.0	1	0	MONOMORPHIC_OR_UNCALLABLE
PRJNA678459	AG_vs_GC	PRIMARY_TECHNICAL	HPL00210	False	10	1.0	1	0	MONOMORPHIC_OR_UNCALLABLE
PRJNA678459	AG_vs_GC	PRIMARY_TECHNICAL	HPL00202	False	9	0.9	1	0	MONOMORPHIC_OR_UNCALLABLE
PRJNA678459	AG_vs_GC	PRIMARY_TECHNICAL	HPL00404	False	10	1.0	1	0	MONOMORPHIC_OR_UNCALLABLE
PRJNA678459	AG_vs_GC	PRIMARY_TECHNICAL	HPL00436	False	9	0.9	1	0	MONOMORPHIC_OR_UNCALLABLE
PRJNA678459	AG_vs_GC	PRIMARY_TECHNICAL	HPL00181	False	9	0.9	1	0	MONOMORPHIC_OR_UNCALLABLE
PRJNA678459	AG_vs_GC	PRIMARY_TECHNICAL	HPL00276	False	10	1.0	1	0	MONOMORPHIC_OR_UNCALLABLE
PRJNA678459	AG_vs_GC	PRIMARY_TECHNICAL	HPL00047	False	9	0.9	1	0	MONOMORPHIC_OR_UNCALLABLE
PRJNA678459	AG_vs_GC	PRIMARY_TECHNICAL	HPL00206	False	10	1.0	1	0	MONOMORPHIC_OR_UNCALLABLE
PRJNA678459	AG_vs_GC	PRIMARY_TECHNICAL	HPL00053	False	10	1.0	1	0	MONOMORPHIC_OR_UNCALLABLE
PRJNA678459	AG_vs_GC	PRIMARY_TECHNICAL	HPL00120	False	9	0.9	1	0	MONOMORPHIC_OR_UNCALLABLE
PRJNA678459	AG_vs_GC	PRIMARY_TECHNICAL	HPL00245	False	8	0.8	1	0	MONOMORPHIC_OR_UNCALLABLE
PRJNA678459	AG_vs_GC	PRIMARY_TECHNICAL	HPL00085	False	10	1.0	1	0	MONOMORPHIC_OR_UNCALLABLE
PRJNA678459	AG_vs_GC	PRIMARY_TECHNICAL	HPL00314	False	10	1.0	1	0	MONOMORPHIC_OR_UNCALLABLE
PRJNA678459	AG_vs_GC	PRIMARY_TECHNICAL	HPL00193	False	1	0.1	1	0	CALLABILITY_0.100_LT_0.80;MONOMORPHIC_OR_UNCALLABLE
PRJNA678459	AG_vs_GC	PRIMARY_TECHNICAL	HPL00430	False	0	0.0	0	0	CALLABILITY_0.000_LT_0.80;MONOMORPHIC_OR_UNCALLABLE
PRJNA678459	AG_vs_GC	PRIMARY_TECHNICAL	HPL00811	False	10	1.0	1	0	MONOMORPHIC_OR_UNCALLABLE
PRJNA678459	AG_vs_GC	PRIMARY_TECHNICAL	HPL00290	False	7	0.7	1	0	CALLABILITY_0.700_LT_0.80;MONOMORPHIC_OR_UNCALLABLE
PRJNA678459	AG_vs_GC	PRIMARY_TECHNICAL	HPL00007	False	10	1.0	1	0	MONOMORPHIC_OR_UNCALLABLE
PRJNA678459	AG_vs_GC	PRIMARY_TECHNICAL	HPL00116	False	10	1.0	1	0	MONOMORPHIC_OR_UNCALLABLE
PRJNA678459	AG_vs_GC	PRIMARY_TECHNICAL	HPL00344	False	10	1.0	1	0	MONOMORPHIC_OR_UNCALLABLE
PRJNA678459	AG_vs_GC	PRIMARY_TECHNICAL	HPL00087	False	10	1.0	2	1	MINOR_ALLELE_COUNT_1_LT_2
PRJNA678459	AG_vs_GC	PRIMARY_TECHNICAL	HPL00839	False	7	0.7	1	0	CALLABILITY_0.700_LT_0.80;MONOMORPHIC_OR_UNCALLABLE
PRJNA678459	AG_vs_GC	PRIMARY_TECHNICAL	HPL00222	False	9	0.9	1	0	MONOMORPHIC_OR_UNCALLABLE
PRJNA678459	AG_vs_GC	PRIMARY_TECHNICAL	HPL00106	False	10	1.0	1	0	MONOMORPHIC_OR_UNCALLABLE
PRJNA678459	AG_vs_GC	PRIMARY_TECHNICAL	HPL00485	False	7	0.7	1	0	CALLABILITY_0.700_LT_0.80;MONOMORPHIC_OR_UNCALLABLE
PRJNA678459	AG_vs_GC	PRIMARY_TECHNICAL	HPL00501	False	9	0.9	1	0	MONOMORPHIC_OR_UNCALLABLE
PRJNA678459	AG_vs_GC	PRIMARY_TECHNICAL	HPL00138	False	10	1.0	1	0	MONOMORPHIC_OR_UNCALLABLE
PRJNA678459	AG_vs_GC	PRIMARY_TECHNICAL	HPL00010	True	9	0.9	7	2	PASS
PRJNA678459	AG_vs_GC	PRIMARY_TECHNICAL	HPL00177	False	10	1.0	1	0	MONOMORPHIC_OR_UNCALLABLE
PRJNA678459	AG_vs_GC	PRIMARY_TECHNICAL	HPL00194	False	4	0.4	1	0	CALLABILITY_0.400_LT_0.80;MONOMORPHIC_OR_UNCALLABLE
PRJNA678459	AG_vs_GC	PRIMARY_TECHNICAL	HPL00699	False	10	1.0	1	0	MONOMORPHIC_OR_UNCALLABLE
PRJNA678459	AG_vs_GC	PRIMARY_TECHNICAL	HPL00603	False	0	0.0	0	0	CALLABILITY_0.000_LT_0.80;MONOMORPHIC_OR_UNCALLABLE
PRJNA678459	AG_vs_GC	PRIMARY_TECHNICAL	HPL00241	False	10	1.0	1	0	MONOMORPHIC_OR_UNCALLABLE
PRJNA678459	AG_vs_GC	PRIMARY_TECHNICAL	HPL00345	False	10	1.0	1	0	MONOMORPHIC_OR_UNCALLABLE
PRJNA678459	AG_vs_GC	PRIMARY_TECHNICAL	HPL00157	False	10	1.0	1	0	MONOMORPHIC_OR_UNCALLABLE
PRJNA678459	AG_vs_GC	PRIMARY_TECHNICAL	HPL00415	False	10	1.0	1	0	MONOMORPHIC_OR_UNCALLABLE
PRJNA678459	AG_vs_GC	PRIMARY_TECHNICAL	HPL00189	False	9	0.9	1	0	MONOMORPHIC_OR_UNCALLABLE
PRJNA678459	AG_vs_GC	PRIMARY_TECHNICAL	HPL00347	False	9	0.9	1	0	MONOMORPHIC_OR_UNCALLABLE
PRJNA678459	AG_vs_GC	PRIMARY_TECHNICAL	HPL00274	False	7	0.7	1	0	CALLABILITY_0.700_LT_0.80;MONOMORPHIC_OR_UNCALLABLE
PRJNA678459	AG_vs_GC	PRIMARY_TECHNICAL	HPL00379	False	10	1.0	1	0	MONOMORPHIC_OR_UNCALLABLE
PRJNA678459	AG_vs_GC	PRIMARY_TECHNICAL	HPL00383	False	10	1.0	1	0	MONOMORPHIC_OR_UNCALLABLE
PRJNA678459	AG_vs_GC	PRIMARY_TECHNICAL	HPL00531	False	9	0.9	1	0	MONOMORPHIC_OR_UNCALLABLE
PRJNA678459	AG_vs_GC	PRIMARY_TECHNICAL	HPL01053	False	8	0.8	2	1	MINOR_ALLELE_COUNT_1_LT_2
PRJNA678459	AG_vs_GC	PRIMARY_TECHNICAL	HPL00209	False	10	1.0	1	0	MONOMORPHIC_OR_UNCALLABLE
PRJNA678459	AG_vs_GC	PRIMARY_TECHNICAL	HPL00460	False	10	1.0	1	0	MONOMORPHIC_OR_UNCALLABLE
PRJNA678459	AG_vs_GC	PRIMARY_TECHNICAL	HPL00155	False	10	1.0	1	0	MONOMORPHIC_OR_UNCALLABLE
PRJNA678459	AG_vs_GC	PRIMARY_TECHNICAL	HPL00261	False	6	0.6	1	0	CALLABILITY_0.600_LT_0.80;MONOMORPHIC_OR_UNCALLABLE
PRJNA678459	AG_vs_GC	PRIMARY_TECHNICAL	HPL00414	False	10	1.0	1	0	MONOMORPHIC_OR_UNCALLABLE
PRJNA678459	AG_vs_GC	PRIMARY_TECHNICAL	HPL00134	False	4	0.4	1	0	CALLABILITY_0.400_LT_0.80;MONOMORPHIC_OR_UNCALLABLE
PRJNA678459	AG_vs_GC	PRIMARY_TECHNICAL	HPL00231	False	10	1.0	1	0	MONOMORPHIC_OR_UNCALLABLE
PRJNA678459	AG_vs_GC	PRIMARY_TECHNICAL	HPL00187	False	10	1.0	1	0	MONOMORPHIC_OR_UNCALLABLE
PRJNA678459	AG_vs_GC	PRIMARY_TECHNICAL	HPL00540	False	10	1.0	1	0	MONOMORPHIC_OR_UNCALLABLE
PRJNA678459	AG_vs_GC	PRIMARY_TECHNICAL	HPL00075	False	10	1.0	1	0	MONOMORPHIC_OR_UNCALLABLE
PRJNA678459	AG_vs_GC	PRIMARY_TECHNICAL	HPL00141	True	10	1.0	3	3	PASS
PRJNA678459	AG_vs_GC	PRIMARY_TECHNICAL	HPL00223	False	9	0.9	1	0	MONOMORPHIC_OR_UNCALLABLE
PRJNA678459	AG_vs_GC	PRIMARY_TECHNICAL	HPL00357	False	10	1.0	1	0	MONOMORPHIC_OR_UNCALLABLE
PRJNA678459	AG_vs_GC	PRIMARY_TECHNICAL	HPL00107	False	10	1.0	1	0	MONOMORPHIC_OR_UNCALLABLE
PRJNA678459	AG_vs_GC	PRIMARY_TECHNICAL	HPL00423	False	10	1.0	1	0	MONOMORPHIC_OR_UNCALLABLE
PRJNA678459	AG_vs_GC	PRIMARY_TECHNICAL	HPL00424	False	10	1.0	1	0	MONOMORPHIC_OR_UNCALLABLE
PRJNA678459	AG_vs_GC	PRIMARY_TECHNICAL	HPL00782	False	8	0.8	1	0	MONOMORPHIC_OR_UNCALLABLE
PRJNA678459	AG_vs_GC	PRIMARY_TECHNICAL	HPL00818	False	2	0.2	1	0	CALLABILITY_0.200_LT_0.80;MONOMORPHIC_OR_UNCALLABLE
PRJNA678459	AG_vs_GC	PRIMARY_TECHNICAL	HPL00934	False	1	0.1	1	0	CALLABILITY_0.100_LT_0.80;MONOMORPHIC_OR_UNCALLABLE
PRJNA678459	AG_vs_GC	PRIMARY_TECHNICAL	HPL00361	False	10	1.0	1	0	MONOMORPHIC_OR_UNCALLABLE
PRJNA678459	AG_vs_GC	PRIMARY_TECHNICAL	HPL00609	False	9	0.9	1	0	MONOMORPHIC_OR_UNCALLABLE
PRJNA678459	AG_vs_GC	PRIMARY_TECHNICAL	HPL00443	False	10	1.0	1	0	MONOMORPHIC_OR_UNCALLABLE
PRJNA678459	AG_vs_GC	PRIMARY_TECHNICAL	HPL00321	False	0	0.0	0	0	CALLABILITY_0.000_LT_0.80;MONOMORPHIC_OR_UNCALLABLE
PRJNA678459	AG_vs_GC	PRIMARY_TECHNICAL	HPL00225	False	5	0.5	1	0	CALLABILITY_0.500_LT_0.80;MONOMORPHIC_OR_UNCALLABLE
PRJNA678459	AG_vs_GC	PRIMARY_TECHNICAL	HPL00163	False	10	1.0	1	0	MONOMORPHIC_OR_UNCALLABLE
PRJNA678459	AG_vs_GC	PRIMARY_TECHNICAL	HPL00386	False	10	1.0	1	0	MONOMORPHIC_OR_UNCALLABLE
PRJNA678459	AG_vs_GC	PRIMARY_TECHNICAL	HPL00105	False	10	1.0	1	0	MONOMORPHIC_OR_UNCALLABLE
PRJNA678459	AG_vs_GC	PRIMARY_TECHNICAL	HPL00376	False	10	1.0	1	0	MONOMORPHIC_OR_UNCALLABLE
PRJNA678459	AG_vs_GC	PRIMARY_TECHNICAL	HPL00234	False	10	1.0	1	0	MONOMORPHIC_OR_UNCALLABLE
PRJNA678459	AG_vs_GC	PRIMARY_TECHNICAL	HPL00849	False	2	0.2	1	0	CALLABILITY_0.200_LT_0.80;MONOMORPHIC_OR_UNCALLABLE
PRJNA678459	AG_vs_GC	PRIMARY_TECHNICAL	HPL00229	False	10	1.0	1	0	MONOMORPHIC_OR_UNCALLABLE
PRJNA678459	AG_vs_GC	PRIMARY_TECHNICAL	HPL00502	False	10	1.0	1	0	MONOMORPHIC_OR_UNCALLABLE
PRJNA678459	AG_vs_GC	PRIMARY_TECHNICAL	HPL00521	False	7	0.7	2	2	CALLABILITY_0.700_LT_0.80
PRJNA678459	AG_vs_GC	PRIMARY_TECHNICAL	HPL00165	False	10	1.0	1	0	MONOMORPHIC_OR_UNCALLABLE
PRJNA678459	AG_vs_GC	PRIMARY_TECHNICAL	HPL00360	False	10	1.0	1	0	MONOMORPHIC_OR_UNCALLABLE
PRJNA678459	AG_vs_GC	PRIMARY_TECHNICAL	HPL00025	False	10	1.0	1	0	MONOMORPHIC_OR_UNCALLABLE
PRJNA678459	AG_vs_GC	PRIMARY_TECHNICAL	HPL00125	False	9	0.9	1	0	MONOMORPHIC_OR_UNCALLABLE
PRJNA678459	AG_vs_GC	PRIMARY_TECHNICAL	HPL00008	False	10	1.0	1	0	MONOMORPHIC_OR_UNCALLABLE
PRJNA678459	AG_vs_GC	PRIMARY_TECHNICAL	HPL00342	False	10	1.0	1	0	MONOMORPHIC_OR_UNCALLABLE
PRJNA678459	AG_vs_GC	PRIMARY_TECHNICAL	HPL00702	False	7	0.7	1	0	CALLABILITY_0.700_LT_0.80;MONOMORPHIC_OR_UNCALLABLE
PRJNA678459	AG_vs_GC	PRIMARY_TECHNICAL	HPL00013	False	10	1.0	1	0	MONOMORPHIC_OR_UNCALLABLE
PRJNA678459	AG_vs_GC	PRIMARY_TECHNICAL	HPL00172	False	10	1.0	1	0	MONOMORPHIC_OR_UNCALLABLE
PRJNA678459	AG_vs_GC	PRIMARY_TECHNICAL	HPL00679	False	0	0.0	0	0	CALLABILITY_0.000_LT_0.80;MONOMORPHIC_OR_UNCALLABLE
PRJNA678459	AG_vs_GC	PRIMARY_TECHNICAL	HPL00804	False	10	1.0	1	0	MONOMORPHIC_OR_UNCALLABLE
PRJNA678459	AG_vs_GC	PRIMARY_TECHNICAL	HPL00304	False	10	1.0	1	0	MONOMORPHIC_OR_UNCALLABLE
PRJNA678459	AG_vs_GC	PRIMARY_TECHNICAL	HPL00496	False	10	1.0	1	0	MONOMORPHIC_OR_UNCALLABLE
PRJNA678459	AG_vs_GC	PRIMARY_TECHNICAL	HPL00264	False	9	0.9	1	0	MONOMORPHIC_OR_UNCALLABLE
PRJNA678459	AG_vs_GC	PRIMARY_TECHNICAL	HPL00352	False	1	0.1	1	0	CALLABILITY_0.100_LT_0.80;MONOMORPHIC_OR_UNCALLABLE
PRJNA678459	AG_vs_GC	PRIMARY_TECHNICAL	HPL00482	False	10	1.0	1	0	MONOMORPHIC_OR_UNCALLABLE
PRJNA678459	AG_vs_GC	PRIMARY_TECHNICAL	HPL00613	False	9	0.9	1	0	MONOMORPHIC_OR_UNCALLABLE
PRJNA678459	AG_vs_GC	PRIMARY_TECHNICAL	HPL00318	False	3	0.3	1	0	CALLABILITY_0.300_LT_0.80;MONOMORPHIC_OR_UNCALLABLE
PRJNA678459	AG_vs_GC	PRIMARY_TECHNICAL	HPL00166	False	9	0.9	1	0	MONOMORPHIC_OR_UNCALLABLE
PRJNA678459	AG_vs_GC	PRIMARY_TECHNICAL	HPL00243	False	10	1.0	1	0	MONOMORPHIC_OR_UNCALLABLE
PRJNA678459	AG_vs_GC	PRIMARY_TECHNICAL	HPL00751	False	10	1.0	1	0	MONOMORPHIC_OR_UNCALLABLE
PRJNA678459	AG_vs_GC	PRIMARY_TECHNICAL	HPL00024	False	10	1.0	1	0	MONOMORPHIC_OR_UNCALLABLE
PRJNA678459	AG_vs_GC	PRIMARY_TECHNICAL	HPL00325	False	10	1.0	1	0	MONOMORPHIC_OR_UNCALLABLE
PRJNA678459	AG_vs_GC	PRIMARY_TECHNICAL	HPL00369	False	10	1.0	1	0	MONOMORPHIC_OR_UNCALLABLE
PRJNA678459	AG_vs_GC	PRIMARY_TECHNICAL	HPL00108	False	10	1.0	1	0	MONOMORPHIC_OR_UNCALLABLE
PRJNA678459	AG_vs_GC	PRIMARY_TECHNICAL	HPL00544	False	4	0.4	1	0	CALLABILITY_0.400_LT_0.80;MONOMORPHIC_OR_UNCALLABLE
PRJNA678459	AG_vs_GC	PRIMARY_TECHNICAL	HPL00043	False	10	1.0	1	0	MONOMORPHIC_OR_UNCALLABLE
PRJNA678459	AG_vs_GC	PRIMARY_TECHNICAL	HPL00838	False	2	0.2	1	0	CALLABILITY_0.200_LT_0.80;MONOMORPHIC_OR_UNCALLABLE
PRJNA678459	AG_vs_GC	PRIMARY_TECHNICAL	HPL00365	False	10	1.0	1	0	MONOMORPHIC_OR_UNCALLABLE
PRJNA678459	AG_vs_GC	PRIMARY_TECHNICAL	HPL00242	False	10	1.0	1	0	MONOMORPHIC_OR_UNCALLABLE
PRJNA678459	AG_vs_GC	PRIMARY_TECHNICAL	HPL00246	False	7	0.7	1	0	CALLABILITY_0.700_LT_0.80;MONOMORPHIC_OR_UNCALLABLE
PRJNA678459	AG_vs_GC	PRIMARY_TECHNICAL	HPL00442	False	10	1.0	1	0	MONOMORPHIC_OR_UNCALLABLE
PRJNA678459	AG_vs_GC	PRIMARY_TECHNICAL	HPL00645	False	10	1.0	3	1	MINOR_ALLELE_COUNT_1_LT_2
PRJNA678459	AG_vs_GC	PRIMARY_TECHNICAL	HPL00311	False	10	1.0	1	0	MONOMORPHIC_OR_UNCALLABLE
PRJNA678459	AG_vs_GC	PRIMARY_TECHNICAL	HPL00111	False	10	1.0	1	0	MONOMORPHIC_OR_UNCALLABLE
PRJNA678459	AG_vs_GC	PRIMARY_TECHNICAL	HPL00337	False	10	1.0	1	0	MONOMORPHIC_OR_UNCALLABLE
PRJNA678459	AG_vs_GC	PRIMARY_TECHNICAL	HPL00421	False	9	0.9	1	0	MONOMORPHIC_OR_UNCALLABLE
PRJNA678459	AG_vs_GC	PRIMARY_TECHNICAL	HPL00044	False	3	0.3	2	1	CALLABILITY_0.300_LT_0.80;MINOR_ALLELE_COUNT_1_LT_2
PRJNA678459	AG_vs_GC	PRIMARY_TECHNICAL	HPL00305	False	9	0.9	1	0	MONOMORPHIC_OR_UNCALLABLE
PRJNA678459	AG_vs_GC	PRIMARY_TECHNICAL	HPL00090	False	10	1.0	1	0	MONOMORPHIC_OR_UNCALLABLE
PRJNA678459	AG_vs_GC	PRIMARY_TECHNICAL	HPL00239	False	10	1.0	1	0	MONOMORPHIC_OR_UNCALLABLE
PRJNA678459	AG_vs_GC	PRIMARY_TECHNICAL	HPL00380	False	10	1.0	1	0	MONOMORPHIC_OR_UNCALLABLE
PRJNA678459	AG_vs_GC	PRIMARY_TECHNICAL	HPL00419	False	10	1.0	1	0	MONOMORPHIC_OR_UNCALLABLE
PRJNA678459	AG_vs_GC	PRIMARY_TECHNICAL	HPL00072	False	10	1.0	1	0	MONOMORPHIC_OR_UNCALLABLE
PRJNA678459	AG_vs_GC	PRIMARY_TECHNICAL	HPL00232	False	10	1.0	1	0	MONOMORPHIC_OR_UNCALLABLE
PRJNA678459	AG_vs_GC	PRIMARY_TECHNICAL	HPL00162	False	10	1.0	1	0	MONOMORPHIC_OR_UNCALLABLE
PRJNA678459	AG_vs_GC	PRIMARY_TECHNICAL	HPL00573	False	10	1.0	1	0	MONOMORPHIC_OR_UNCALLABLE
PRJNA678459	AG_vs_GC	PRIMARY_TECHNICAL	HPL00014	False	9	0.9	1	0	MONOMORPHIC_OR_UNCALLABLE
PRJNA678459	AG_vs_GC	PRIMARY_TECHNICAL	HPL00117	False	10	1.0	1	0	MONOMORPHIC_OR_UNCALLABLE
PRJNA678459	AG_vs_GC	PRIMARY_TECHNICAL	HPL00002	False	9	0.9	1	0	MONOMORPHIC_OR_UNCALLABLE
PRJNA678459	AG_vs_GC	PRIMARY_TECHNICAL	HPL00267	False	10	1.0	1	0	MONOMORPHIC_OR_UNCALLABLE
PRJNA678459	AG_vs_GC	PRIMARY_TECHNICAL	HPL00640	False	10	1.0	1	0	MONOMORPHIC_OR_UNCALLABLE
PRJNA678459	AG_vs_GC	PRIMARY_TECHNICAL	HPL00817	False	10	1.0	1	0	MONOMORPHIC_OR_UNCALLABLE
PRJNA678459	AG_vs_GC	PRIMARY_TECHNICAL	HPL00143	False	10	1.0	1	0	MONOMORPHIC_OR_UNCALLABLE
PRJNA678459	AG_vs_GC	PRIMARY_TECHNICAL	HPL00322	False	5	0.5	1	0	CALLABILITY_0.500_LT_0.80;MONOMORPHIC_OR_UNCALLABLE
PRJNA678459	AG_vs_GC	PRIMARY_TECHNICAL	HPL00303	False	10	1.0	1	0	MONOMORPHIC_OR_UNCALLABLE
PRJNA678459	AG_vs_GC	PRIMARY_TECHNICAL	HPL00429	False	9	0.9	1	0	MONOMORPHIC_OR_UNCALLABLE
PRJNA678459	AG_vs_GC	PRIMARY_TECHNICAL	HPL00809	False	1	0.1	1	0	CALLABILITY_0.100_LT_0.80;MONOMORPHIC_OR_UNCALLABLE
PRJNA678459	AG_vs_GC	PRIMARY_TECHNICAL	HPL00174	False	10	1.0	1	0	MONOMORPHIC_OR_UNCALLABLE
PRJNA678459	AG_vs_GC	PRIMARY_TECHNICAL	HPL00154	False	9	0.9	1	0	MONOMORPHIC_OR_UNCALLABLE
PRJNA678459	AG_vs_GC	PRIMARY_TECHNICAL	HPL00835	False	6	0.6	1	0	CALLABILITY_0.600_LT_0.80;MONOMORPHIC_OR_UNCALLABLE
PRJNA678459	AG_vs_GC	PRIMARY_TECHNICAL	HPL00050	False	9	0.9	1	0	MONOMORPHIC_OR_UNCALLABLE
PRJNA678459	AG_vs_GC	PRIMARY_TECHNICAL	HPL00042	False	10	1.0	1	0	MONOMORPHIC_OR_UNCALLABLE
PRJNA678459	AG_vs_GC	PRIMARY_TECHNICAL	HPL00465	False	10	1.0	1	0	MONOMORPHIC_OR_UNCALLABLE
PRJNA678459	AG_vs_GC	PRIMARY_TECHNICAL	HPL00089	False	9	0.9	1	0	MONOMORPHIC_OR_UNCALLABLE
PRJNA678459	AG_vs_GC	PRIMARY_TECHNICAL	HPL00199	False	10	1.0	1	0	MONOMORPHIC_OR_UNCALLABLE
PRJNA678459	AG_vs_GC	PRIMARY_TECHNICAL	HPL00505	False	0	0.0	0	0	CALLABILITY_0.000_LT_0.80;MONOMORPHIC_OR_UNCALLABLE
PRJNA678459	AG_vs_GC	PRIMARY_TECHNICAL	HPL00503	False	7	0.7	1	0	CALLABILITY_0.700_LT_0.80;MONOMORPHIC_OR_UNCALLABLE
PRJNA678459	AG_vs_GC	PRIMARY_TECHNICAL	HPL00079	False	10	1.0	1	0	MONOMORPHIC_OR_UNCALLABLE
PRJNA678459	AG_vs_GC	PRIMARY_TECHNICAL	HPL00169	False	10	1.0	1	0	MONOMORPHIC_OR_UNCALLABLE
PRJNA678459	AG_vs_GC	PRIMARY_TECHNICAL	HPL00548	False	0	0.0	0	0	CALLABILITY_0.000_LT_0.80;MONOMORPHIC_OR_UNCALLABLE
PRJNA678459	AG_vs_GC	PRIMARY_TECHNICAL	HPL00313	False	10	1.0	1	0	MONOMORPHIC_OR_UNCALLABLE
PRJNA678459	AG_vs_GC	PRIMARY_TECHNICAL	HPL00601	False	6	0.6	2	1	CALLABILITY_0.600_LT_0.80;MINOR_ALLELE_COUNT_1_LT_2
PRJNA678459	AG_vs_GC	PRIMARY_TECHNICAL	HPL00319	False	3	0.3	2	1	CALLABILITY_0.300_LT_0.80;MINOR_ALLELE_COUNT_1_LT_2
PRJNA678459	AG_vs_GC	PRIMARY_TECHNICAL	HPL01081	False	4	0.4	2	1	CALLABILITY_0.400_LT_0.80;MINOR_ALLELE_COUNT_1_LT_2
PRJNA678459	AG_vs_GC	PRIMARY_TECHNICAL	HPL00370	False	10	1.0	1	0	MONOMORPHIC_OR_UNCALLABLE
PRJNA678459	AG_vs_GC	PRIMARY_TECHNICAL	HPL00074	False	10	1.0	1	0	MONOMORPHIC_OR_UNCALLABLE
PRJNA678459	AG_vs_GC	PRIMARY_TECHNICAL	HPL00204	False	10	1.0	1	0	MONOMORPHIC_OR_UNCALLABLE
PRJNA678459	AG_vs_GC	PRIMARY_TECHNICAL	HPL00292	False	2	0.2	1	0	CALLABILITY_0.200_LT_0.80;MONOMORPHIC_OR_UNCALLABLE
PRJNA678459	AG_vs_GC	PRIMARY_TECHNICAL	HPL00112	False	10	1.0	1	0	MONOMORPHIC_OR_UNCALLABLE
PRJNA678459	AG_vs_GC	PRIMARY_TECHNICAL	HPL00709	True	9	0.9	2	2	PASS
PRJNA678459	AG_vs_GC	PRIMARY_TECHNICAL	HPL00682	False	1	0.1	1	0	CALLABILITY_0.100_LT_0.80;MONOMORPHIC_OR_UNCALLABLE
PRJNA678459	AG_vs_GC	PRIMARY_TECHNICAL	HPL00466	False	10	1.0	1	0	MONOMORPHIC_OR_UNCALLABLE
PRJNA678459	AG_vs_GC	PRIMARY_TECHNICAL	HPL00413	False	10	1.0	1	0	MONOMORPHIC_OR_UNCALLABLE
PRJNA678459	AG_vs_GC	PRIMARY_TECHNICAL	HPL00524	False	10	1.0	1	0	MONOMORPHIC_OR_UNCALLABLE
PRJNA678459	AG_vs_GC	PRIMARY_TECHNICAL	HPL00761	False	10	1.0	1	0	MONOMORPHIC_OR_UNCALLABLE
PRJNA678459	AG_vs_GC	PRIMARY_TECHNICAL	HPL00447	False	7	0.7	1	0	CALLABILITY_0.700_LT_0.80;MONOMORPHIC_OR_UNCALLABLE
PRJNA678459	AG_vs_GC	PRIMARY_TECHNICAL	HPL00530	False	8	0.8	1	0	MONOMORPHIC_OR_UNCALLABLE
PRJNA678459	AG_vs_GC	PRIMARY_TECHNICAL	HPL00145	False	9	0.9	1	0	MONOMORPHIC_OR_UNCALLABLE
PRJNA678459	AG_vs_GC	PRIMARY_TECHNICAL	HPL00262	False	10	1.0	1	0	MONOMORPHIC_OR_UNCALLABLE
PRJNA678459	AG_vs_GC	PRIMARY_TECHNICAL	HPL00273	False	10	1.0	1	0	MONOMORPHIC_OR_UNCALLABLE
PRJNA678459	AG_vs_GC	PRIMARY_TECHNICAL	HPL00450	False	10	1.0	1	0	MONOMORPHIC_OR_UNCALLABLE
PRJNA678459	AG_vs_GC	PRIMARY_TECHNICAL	HPL00514	False	10	1.0	1	0	MONOMORPHIC_OR_UNCALLABLE
PRJNA678459	AG_vs_GC	PRIMARY_TECHNICAL	HPL00113	False	10	1.0	1	0	MONOMORPHIC_OR_UNCALLABLE
PRJNA678459	AG_vs_GC	PRIMARY_TECHNICAL	HPL00351	False	9	0.9	1	0	MONOMORPHIC_OR_UNCALLABLE
PRJNA678459	AG_vs_GC	PRIMARY_TECHNICAL	HPL00407	False	10	1.0	1	0	MONOMORPHIC_OR_UNCALLABLE
PRJNA678459	AG_vs_GC	PRIMARY_TECHNICAL	HPL00127	False	10	1.0	1	0	MONOMORPHIC_OR_UNCALLABLE
PRJNA678459	AG_vs_GC	PRIMARY_TECHNICAL	HPL00493	False	10	1.0	1	0	MONOMORPHIC_OR_UNCALLABLE
PRJNA678459	AG_vs_GC	PRIMARY_TECHNICAL	HPL00275	False	10	1.0	1	0	MONOMORPHIC_OR_UNCALLABLE
PRJNA678459	AG_vs_GC	PRIMARY_TECHNICAL	HPL00576	False	6	0.6	1	0	CALLABILITY_0.600_LT_0.80;MONOMORPHIC_OR_UNCALLABLE
PRJNA678459	AG_vs_GC	PRIMARY_TECHNICAL	HPL00604	False	8	0.8	1	0	MONOMORPHIC_OR_UNCALLABLE
PRJNA678459	AG_vs_GC	PRIMARY_TECHNICAL	HPL00183	False	10	1.0	1	0	MONOMORPHIC_OR_UNCALLABLE
PRJNA678459	AG_vs_GC	PRIMARY_TECHNICAL	HPL00001	False	10	1.0	1	0	MONOMORPHIC_OR_UNCALLABLE
PRJNA678459	AG_vs_GC	PRIMARY_TECHNICAL	HPL00084	False	10	1.0	1	0	MONOMORPHIC_OR_UNCALLABLE
PRJNA678459	AG_vs_GC	PRIMARY_TECHNICAL	HPL00126	False	10	1.0	1	0	MONOMORPHIC_OR_UNCALLABLE
PRJNA678459	AG_vs_GC	PRIMARY_TECHNICAL	HPL00191	False	10	1.0	1	0	MONOMORPHIC_OR_UNCALLABLE
PRJNA678459	AG_vs_GC	PRIMARY_TECHNICAL	HPL00077	False	10	1.0	1	0	MONOMORPHIC_OR_UNCALLABLE
PRJNA678459	AG_vs_GC	PRIMARY_TECHNICAL	HPL00289	False	8	0.8	1	0	MONOMORPHIC_OR_UNCALLABLE
PRJNA678459	AG_vs_GC	PRIMARY_TECHNICAL	HPL00064	False	10	1.0	1	0	MONOMORPHIC_OR_UNCALLABLE
PRJNA678459	AG_vs_GC	PRIMARY_TECHNICAL	HPL00270	False	9	0.9	1	0	MONOMORPHIC_OR_UNCALLABLE
PRJNA678459	AG_vs_GC	PRIMARY_TECHNICAL	HPL00297	False	10	1.0	1	0	MONOMORPHIC_OR_UNCALLABLE
PRJNA678459	AG_vs_GC	PRIMARY_TECHNICAL	HPL00354	False	10	1.0	1	0	MONOMORPHIC_OR_UNCALLABLE
PRJNA678459	AG_vs_GC	PRIMARY_TECHNICAL	HPL00392	False	10	1.0	1	0	MONOMORPHIC_OR_UNCALLABLE
PRJNA678459	AG_vs_GC	PRIMARY_TECHNICAL	HPL00750	False	8	0.8	1	0	MONOMORPHIC_OR_UNCALLABLE
PRJNA678459	AG_vs_GC	PRIMARY_TECHNICAL	HPL01110	False	9	0.9	1	0	MONOMORPHIC_OR_UNCALLABLE
PRJNA678459	AG_vs_GC	PRIMARY_TECHNICAL	HPL00435	False	10	1.0	1	0	MONOMORPHIC_OR_UNCALLABLE
PRJNA678459	AG_vs_GC	PRIMARY_TECHNICAL	HPL00040	False	10	1.0	1	0	MONOMORPHIC_OR_UNCALLABLE
PRJNA678459	AG_vs_GC	PROVISIONAL_TECHNICAL	HPL00312	False	10	1.0	1	0	MONOMORPHIC_OR_UNCALLABLE
PRJNA678459	AG_vs_GC	PROVISIONAL_TECHNICAL	HPL00387	False	5	0.5	1	0	CALLABILITY_0.500_LT_0.80;MONOMORPHIC_OR_UNCALLABLE
PRJNA678459	AG_vs_GC	PROVISIONAL_TECHNICAL	HPL00439	False	10	1.0	1	0	MONOMORPHIC_OR_UNCALLABLE
PRJNA678459	AG_vs_GC	PROVISIONAL_TECHNICAL	HPL00510	False	3	0.3	1	0	CALLABILITY_0.300_LT_0.80;MONOMORPHIC_OR_UNCALLABLE
PRJNA678459	AG_vs_GC	PROVISIONAL_TECHNICAL	HPL00061	True	9	0.9	3	3	PASS
PRJNA678459	AG_vs_GC	PROVISIONAL_TECHNICAL	HPL00549	False	9	0.9	1	0	MONOMORPHIC_OR_UNCALLABLE
PRJNA678459	AG_vs_GC	PROVISIONAL_TECHNICAL	HPL00426	False	2	0.2	2	1	CALLABILITY_0.200_LT_0.80;MINOR_ALLELE_COUNT_1_LT_2
PRJNA678459	AG_vs_GC	PROVISIONAL_TECHNICAL	HPL00033	False	10	1.0	1	0	MONOMORPHIC_OR_UNCALLABLE
PRJNA678459	AG_vs_GC	PROVISIONAL_TECHNICAL	HPL00046	False	9	0.9	1	0	MONOMORPHIC_OR_UNCALLABLE
PRJNA678459	AG_vs_GC	PROVISIONAL_TECHNICAL	HPL00060	False	1	0.1	1	0	CALLABILITY_0.100_LT_0.80;MONOMORPHIC_OR_UNCALLABLE
PRJNA678459	AG_vs_GC	PROVISIONAL_TECHNICAL	HPL00453	False	6	0.6	4	1	CALLABILITY_0.600_LT_0.80;MINOR_ALLELE_COUNT_1_LT_2
PRJNA678459	AG_vs_GC	PROVISIONAL_TECHNICAL	HPL00385	False	3	0.3	1	0	CALLABILITY_0.300_LT_0.80;MONOMORPHIC_OR_UNCALLABLE
PRJNA678459	AG_vs_GC	PROVISIONAL_TECHNICAL	HPL00608	False	9	0.9	1	0	MONOMORPHIC_OR_UNCALLABLE
PRJNA678459	AG_vs_GC	PROVISIONAL_TECHNICAL	HPL00230	False	10	1.0	2	1	MINOR_ALLELE_COUNT_1_LT_2
PRJNA678459	AG_vs_GC	PROVISIONAL_TECHNICAL	HPL00083	False	10	1.0	1	0	MONOMORPHIC_OR_UNCALLABLE
PRJNA678459	AG_vs_GC	PROVISIONAL_TECHNICAL	HPL00330	False	10	1.0	1	0	MONOMORPHIC_OR_UNCALLABLE
PRJNA678459	AG_vs_GC	PROVISIONAL_TECHNICAL	HPL00454	False	10	1.0	1	0	MONOMORPHIC_OR_UNCALLABLE
PRJNA678459	AG_vs_GC	PROVISIONAL_TECHNICAL	HPL00045	False	4	0.4	4	1	CALLABILITY_0.400_LT_0.80;MINOR_ALLELE_COUNT_1_LT_2
PRJNA678459	AG_vs_GC	PROVISIONAL_TECHNICAL	HPL00291	False	10	1.0	1	0	MONOMORPHIC_OR_UNCALLABLE
PRJNA678459	AG_vs_GC	PROVISIONAL_TECHNICAL	HPL00487	False	8	0.8	1	0	MONOMORPHIC_OR_UNCALLABLE
PRJNA678459	AG_vs_GC	PROVISIONAL_TECHNICAL	HPL00499	False	10	1.0	1	0	MONOMORPHIC_OR_UNCALLABLE
PRJNA678459	AG_vs_GC	PROVISIONAL_TECHNICAL	HPL00018	False	0	0.0	0	0	CALLABILITY_0.000_LT_0.80;MONOMORPHIC_OR_UNCALLABLE
PRJNA678459	AG_vs_GC	PROVISIONAL_TECHNICAL	HPL00743	False	7	0.7	1	0	CALLABILITY_0.700_LT_0.80;MONOMORPHIC_OR_UNCALLABLE
PRJNA678459	AG_vs_GC	PROVISIONAL_TECHNICAL	HPL01098	False	10	1.0	1	0	MONOMORPHIC_OR_UNCALLABLE
PRJNA678459	AG_vs_GC	PROVISIONAL_TECHNICAL	HPL00381	False	9	0.9	1	0	MONOMORPHIC_OR_UNCALLABLE
PRJNA678459	AG_vs_GC	PROVISIONAL_TECHNICAL	HPL00628	False	4	0.4	2	1	CALLABILITY_0.400_LT_0.80;MINOR_ALLELE_COUNT_1_LT_2
PRJNA678459	AG_vs_GC	PROVISIONAL_TECHNICAL	HPL00022	False	10	1.0	1	0	MONOMORPHIC_OR_UNCALLABLE
PRJNA678459	AG_vs_GC	PROVISIONAL_TECHNICAL	HPL00533	False	10	1.0	1	0	MONOMORPHIC_OR_UNCALLABLE
PRJNA678459	AG_vs_GC	PROVISIONAL_TECHNICAL	HPL00063	False	10	1.0	1	0	MONOMORPHIC_OR_UNCALLABLE
PRJNA678459	AG_vs_GC	PROVISIONAL_TECHNICAL	HPL00030	False	10	1.0	1	0	MONOMORPHIC_OR_UNCALLABLE
PRJNA678459	AG_vs_GC	PROVISIONAL_TECHNICAL	HPL00685	False	2	0.2	2	1	CALLABILITY_0.200_LT_0.80;MINOR_ALLELE_COUNT_1_LT_2
PRJNA678459	AG_vs_GC	PROVISIONAL_TECHNICAL	HPL00031	False	10	1.0	1	0	MONOMORPHIC_OR_UNCALLABLE
PRJNA678459	AG_vs_GC	PROVISIONAL_TECHNICAL	HPL00197	False	10	1.0	1	0	MONOMORPHIC_OR_UNCALLABLE
PRJNA678459	AG_vs_GC	PROVISIONAL_TECHNICAL	HPL00151	False	7	0.7	3	2	CALLABILITY_0.700_LT_0.80
PRJNA678459	AG_vs_GC	PROVISIONAL_TECHNICAL	HPL00065	False	10	1.0	1	0	MONOMORPHIC_OR_UNCALLABLE
PRJNA678459	AG_vs_GC	PROVISIONAL_TECHNICAL	HPL00622	False	7	0.7	1	0	CALLABILITY_0.700_LT_0.80;MONOMORPHIC_OR_UNCALLABLE
PRJNA678459	AG_vs_GC	PROVISIONAL_TECHNICAL	HPL00299	False	10	1.0	1	0	MONOMORPHIC_OR_UNCALLABLE
PRJNA678459	AG_vs_GC	PROVISIONAL_TECHNICAL	HPL00518	False	6	0.6	4	2	CALLABILITY_0.600_LT_0.80
PRJNA678459	AG_vs_GC	PROVISIONAL_TECHNICAL	HPL00070	False	10	1.0	1	0	MONOMORPHIC_OR_UNCALLABLE
PRJNA1103397	GC_only_descriptive	PRIMARY_TECHNICAL	HPL00332	False	6	1.0	1	0	MONOMORPHIC_OR_UNCALLABLE
PRJNA1103397	GC_only_descriptive	PRIMARY_TECHNICAL	HPL00483	False	6	1.0	1	0	MONOMORPHIC_OR_UNCALLABLE
PRJNA1103397	GC_only_descriptive	PRIMARY_TECHNICAL	HPL00049	False	6	1.0	1	0	MONOMORPHIC_OR_UNCALLABLE
PRJNA1103397	GC_only_descriptive	PRIMARY_TECHNICAL	HPL00076	False	6	1.0	1	0	MONOMORPHIC_OR_UNCALLABLE
PRJNA1103397	GC_only_descriptive	PRIMARY_TECHNICAL	HPL00350	False	6	1.0	1	0	MONOMORPHIC_OR_UNCALLABLE
PRJNA1103397	GC_only_descriptive	PRIMARY_TECHNICAL	HPL00055	False	5	0.8333	1	0	MONOMORPHIC_OR_UNCALLABLE
PRJNA1103397	GC_only_descriptive	PRIMARY_TECHNICAL	HPL00498	False	5	0.8333	1	0	MONOMORPHIC_OR_UNCALLABLE
PRJNA1103397	GC_only_descriptive	PRIMARY_TECHNICAL	HPL00293	False	6	1.0	1	0	MONOMORPHIC_OR_UNCALLABLE
PRJNA1103397	GC_only_descriptive	PRIMARY_TECHNICAL	HPL00103	False	5	0.8333	4	1	MINOR_ALLELE_COUNT_1_LT_2
PRJNA1103397	GC_only_descriptive	PRIMARY_TECHNICAL	HPL00752	False	6	1.0	1	0	MONOMORPHIC_OR_UNCALLABLE
PRJNA1103397	GC_only_descriptive	PRIMARY_TECHNICAL	HPL00390	False	6	1.0	1	0	MONOMORPHIC_OR_UNCALLABLE
PRJNA1103397	GC_only_descriptive	PRIMARY_TECHNICAL	HPL00019	False	1	0.1667	1	0	CALLABILITY_0.167_LT_0.80;MONOMORPHIC_OR_UNCALLABLE
PRJNA1103397	GC_only_descriptive	PRIMARY_TECHNICAL	HPL00158	False	5	0.8333	2	1	MINOR_ALLELE_COUNT_1_LT_2
PRJNA1103397	GC_only_descriptive	PRIMARY_TECHNICAL	HPL01050	False	6	1.0	1	0	MONOMORPHIC_OR_UNCALLABLE
PRJNA1103397	GC_only_descriptive	PRIMARY_TECHNICAL	HPL00329	False	6	1.0	1	0	MONOMORPHIC_OR_UNCALLABLE
PRJNA1103397	GC_only_descriptive	PRIMARY_TECHNICAL	HPL00080	False	6	1.0	1	0	MONOMORPHIC_OR_UNCALLABLE
PRJNA1103397	GC_only_descriptive	PRIMARY_TECHNICAL	HPL00377	False	6	1.0	1	0	MONOMORPHIC_OR_UNCALLABLE
PRJNA1103397	GC_only_descriptive	PRIMARY_TECHNICAL	HPL00409	False	4	0.6667	1	0	CALLABILITY_0.667_LT_0.80;MONOMORPHIC_OR_UNCALLABLE
PRJNA1103397	GC_only_descriptive	PRIMARY_TECHNICAL	HPL00104	False	4	0.6667	1	0	CALLABILITY_0.667_LT_0.80;MONOMORPHIC_OR_UNCALLABLE
PRJNA1103397	GC_only_descriptive	PRIMARY_TECHNICAL	HPL00301	False	6	1.0	1	0	MONOMORPHIC_OR_UNCALLABLE
PRJNA1103397	GC_only_descriptive	PRIMARY_TECHNICAL	HPL00378	False	6	1.0	1	0	MONOMORPHIC_OR_UNCALLABLE
PRJNA1103397	GC_only_descriptive	PRIMARY_TECHNICAL	HPL00341	False	5	0.8333	1	0	MONOMORPHIC_OR_UNCALLABLE
PRJNA1103397	GC_only_descriptive	PRIMARY_TECHNICAL	HPL00333	False	6	1.0	1	0	MONOMORPHIC_OR_UNCALLABLE
PRJNA1103397	GC_only_descriptive	PRIMARY_TECHNICAL	HPL00198	False	6	1.0	1	0	MONOMORPHIC_OR_UNCALLABLE
PRJNA1103397	GC_only_descriptive	PRIMARY_TECHNICAL	HPL00497	False	6	1.0	1	0	MONOMORPHIC_OR_UNCALLABLE
PRJNA1103397	GC_only_descriptive	PRIMARY_TECHNICAL	HPL00403	False	6	1.0	1	0	MONOMORPHIC_OR_UNCALLABLE
PRJNA1103397	GC_only_descriptive	PRIMARY_TECHNICAL	HPL00037	False	6	1.0	1	0	MONOMORPHIC_OR_UNCALLABLE
PRJNA1103397	GC_only_descriptive	PRIMARY_TECHNICAL	HPL00156	False	6	1.0	1	0	MONOMORPHIC_OR_UNCALLABLE
PRJNA1103397	GC_only_descriptive	PRIMARY_TECHNICAL	HPL00038	False	6	1.0	1	0	MONOMORPHIC_OR_UNCALLABLE
PRJNA1103397	GC_only_descriptive	PRIMARY_TECHNICAL	HPL00099	False	6	1.0	1	0	MONOMORPHIC_OR_UNCALLABLE
PRJNA1103397	GC_only_descriptive	PRIMARY_TECHNICAL	HPL00251	False	6	1.0	1	0	MONOMORPHIC_OR_UNCALLABLE
PRJNA1103397	GC_only_descriptive	PRIMARY_TECHNICAL	HPL00506	False	6	1.0	1	0	MONOMORPHIC_OR_UNCALLABLE
PRJNA1103397	GC_only_descriptive	PRIMARY_TECHNICAL	HPL00073	False	6	1.0	1	0	MONOMORPHIC_OR_UNCALLABLE
PRJNA1103397	GC_only_descriptive	PRIMARY_TECHNICAL	HPL00529	False	6	1.0	1	0	MONOMORPHIC_OR_UNCALLABLE
PRJNA1103397	GC_only_descriptive	PRIMARY_TECHNICAL	HPL00068	False	6	1.0	2	1	MINOR_ALLELE_COUNT_1_LT_2
PRJNA1103397	GC_only_descriptive	PRIMARY_TECHNICAL	HPL00123	False	6	1.0	1	0	MONOMORPHIC_OR_UNCALLABLE
PRJNA1103397	GC_only_descriptive	PRIMARY_TECHNICAL	HPL00479	False	6	1.0	1	0	MONOMORPHIC_OR_UNCALLABLE
PRJNA1103397	GC_only_descriptive	PRIMARY_TECHNICAL	HPL00977	False	4	0.6667	1	0	CALLABILITY_0.667_LT_0.80;MONOMORPHIC_OR_UNCALLABLE
PRJNA1103397	GC_only_descriptive	PRIMARY_TECHNICAL	HPL00247	False	6	1.0	1	0	MONOMORPHIC_OR_UNCALLABLE
PRJNA1103397	GC_only_descriptive	PRIMARY_TECHNICAL	HPL00139	False	6	1.0	1	0	MONOMORPHIC_OR_UNCALLABLE
PRJNA1103397	GC_only_descriptive	PRIMARY_TECHNICAL	HPL00780	False	6	1.0	1	0	MONOMORPHIC_OR_UNCALLABLE
PRJNA1103397	GC_only_descriptive	PRIMARY_TECHNICAL	HPL00051	False	6	1.0	1	0	MONOMORPHIC_OR_UNCALLABLE
PRJNA1103397	GC_only_descriptive	PRIMARY_TECHNICAL	HPL00469	False	6	1.0	1	0	MONOMORPHIC_OR_UNCALLABLE
PRJNA1103397	GC_only_descriptive	PRIMARY_TECHNICAL	HPL00571	False	6	1.0	1	0	MONOMORPHIC_OR_UNCALLABLE
PRJNA1103397	GC_only_descriptive	PRIMARY_TECHNICAL	HPL00170	False	1	0.1667	1	0	CALLABILITY_0.167_LT_0.80;MONOMORPHIC_OR_UNCALLABLE
PRJNA1103397	GC_only_descriptive	PRIMARY_TECHNICAL	HPL00393	False	5	0.8333	2	1	MINOR_ALLELE_COUNT_1_LT_2
PRJNA1103397	GC_only_descriptive	PRIMARY_TECHNICAL	HPL00178	False	6	1.0	1	0	MONOMORPHIC_OR_UNCALLABLE
PRJNA1103397	GC_only_descriptive	PRIMARY_TECHNICAL	HPL00071	False	6	1.0	1	0	MONOMORPHIC_OR_UNCALLABLE
PRJNA1103397	GC_only_descriptive	PRIMARY_TECHNICAL	HPL00121	False	6	1.0	2	1	MINOR_ALLELE_COUNT_1_LT_2
PRJNA1103397	GC_only_descriptive	PRIMARY_TECHNICAL	HPL00884	False	6	1.0	1	0	MONOMORPHIC_OR_UNCALLABLE
PRJNA1103397	GC_only_descriptive	PRIMARY_TECHNICAL	HPL00816	False	2	0.3333	1	0	CALLABILITY_0.333_LT_0.80;MONOMORPHIC_OR_UNCALLABLE
PRJNA1103397	GC_only_descriptive	PRIMARY_TECHNICAL	HPL00288	False	6	1.0	1	0	MONOMORPHIC_OR_UNCALLABLE
PRJNA1103397	GC_only_descriptive	PRIMARY_TECHNICAL	HPL00244	False	6	1.0	1	0	MONOMORPHIC_OR_UNCALLABLE
PRJNA1103397	GC_only_descriptive	PRIMARY_TECHNICAL	HPL00353	False	6	1.0	1	0	MONOMORPHIC_OR_UNCALLABLE
PRJNA1103397	GC_only_descriptive	PRIMARY_TECHNICAL	HPL00840	False	0	0.0	0	0	CALLABILITY_0.000_LT_0.80;MONOMORPHIC_OR_UNCALLABLE
PRJNA1103397	GC_only_descriptive	PRIMARY_TECHNICAL	HPL01140	False	0	0.0	0	0	CALLABILITY_0.000_LT_0.80;MONOMORPHIC_OR_UNCALLABLE
PRJNA1103397	GC_only_descriptive	PRIMARY_TECHNICAL	HPL00582	False	6	1.0	1	0	MONOMORPHIC_OR_UNCALLABLE
PRJNA1103397	GC_only_descriptive	PRIMARY_TECHNICAL	HPL00277	False	6	1.0	1	0	MONOMORPHIC_OR_UNCALLABLE
PRJNA1103397	GC_only_descriptive	PRIMARY_TECHNICAL	HPL00224	False	6	1.0	1	0	MONOMORPHIC_OR_UNCALLABLE
PRJNA1103397	GC_only_descriptive	PRIMARY_TECHNICAL	HPL00259	False	6	1.0	1	0	MONOMORPHIC_OR_UNCALLABLE
PRJNA1103397	GC_only_descriptive	PRIMARY_TECHNICAL	HPL00306	False	5	0.8333	1	0	MONOMORPHIC_OR_UNCALLABLE
PRJNA1103397	GC_only_descriptive	PRIMARY_TECHNICAL	HPL00364	False	6	1.0	1	0	MONOMORPHIC_OR_UNCALLABLE
PRJNA1103397	GC_only_descriptive	PRIMARY_TECHNICAL	HPL00150	False	6	1.0	1	0	MONOMORPHIC_OR_UNCALLABLE
PRJNA1103397	GC_only_descriptive	PRIMARY_TECHNICAL	HPL00841	False	4	0.6667	1	0	CALLABILITY_0.667_LT_0.80;MONOMORPHIC_OR_UNCALLABLE
PRJNA1103397	GC_only_descriptive	PRIMARY_TECHNICAL	HPL00119	False	6	1.0	1	0	MONOMORPHIC_OR_UNCALLABLE
PRJNA1103397	GC_only_descriptive	PRIMARY_TECHNICAL	HPL00214	False	6	1.0	1	0	MONOMORPHIC_OR_UNCALLABLE
PRJNA1103397	GC_only_descriptive	PRIMARY_TECHNICAL	HPL00316	False	2	0.3333	1	0	CALLABILITY_0.333_LT_0.80;MONOMORPHIC_OR_UNCALLABLE
PRJNA1103397	GC_only_descriptive	PRIMARY_TECHNICAL	HPL00109	False	6	1.0	1	0	MONOMORPHIC_OR_UNCALLABLE
PRJNA1103397	GC_only_descriptive	PRIMARY_TECHNICAL	HPL00210	False	6	1.0	1	0	MONOMORPHIC_OR_UNCALLABLE
PRJNA1103397	GC_only_descriptive	PRIMARY_TECHNICAL	HPL00202	False	6	1.0	1	0	MONOMORPHIC_OR_UNCALLABLE
PRJNA1103397	GC_only_descriptive	PRIMARY_TECHNICAL	HPL00404	False	6	1.0	1	0	MONOMORPHIC_OR_UNCALLABLE
PRJNA1103397	GC_only_descriptive	PRIMARY_TECHNICAL	HPL00436	False	6	1.0	1	0	MONOMORPHIC_OR_UNCALLABLE
PRJNA1103397	GC_only_descriptive	PRIMARY_TECHNICAL	HPL00181	False	6	1.0	1	0	MONOMORPHIC_OR_UNCALLABLE
PRJNA1103397	GC_only_descriptive	PRIMARY_TECHNICAL	HPL00276	False	6	1.0	1	0	MONOMORPHIC_OR_UNCALLABLE
PRJNA1103397	GC_only_descriptive	PRIMARY_TECHNICAL	HPL00047	False	6	1.0	1	0	MONOMORPHIC_OR_UNCALLABLE
PRJNA1103397	GC_only_descriptive	PRIMARY_TECHNICAL	HPL00206	False	6	1.0	1	0	MONOMORPHIC_OR_UNCALLABLE
PRJNA1103397	GC_only_descriptive	PRIMARY_TECHNICAL	HPL00053	False	6	1.0	1	0	MONOMORPHIC_OR_UNCALLABLE
PRJNA1103397	GC_only_descriptive	PRIMARY_TECHNICAL	HPL00120	False	6	1.0	1	0	MONOMORPHIC_OR_UNCALLABLE
PRJNA1103397	GC_only_descriptive	PRIMARY_TECHNICAL	HPL00245	False	3	0.5	1	0	CALLABILITY_0.500_LT_0.80;MONOMORPHIC_OR_UNCALLABLE
PRJNA1103397	GC_only_descriptive	PRIMARY_TECHNICAL	HPL00085	False	6	1.0	1	0	MONOMORPHIC_OR_UNCALLABLE
PRJNA1103397	GC_only_descriptive	PRIMARY_TECHNICAL	HPL00314	False	6	1.0	1	0	MONOMORPHIC_OR_UNCALLABLE
PRJNA1103397	GC_only_descriptive	PRIMARY_TECHNICAL	HPL00193	False	0	0.0	0	0	CALLABILITY_0.000_LT_0.80;MONOMORPHIC_OR_UNCALLABLE
PRJNA1103397	GC_only_descriptive	PRIMARY_TECHNICAL	HPL00430	False	1	0.1667	1	0	CALLABILITY_0.167_LT_0.80;MONOMORPHIC_OR_UNCALLABLE
PRJNA1103397	GC_only_descriptive	PRIMARY_TECHNICAL	HPL00811	False	6	1.0	1	0	MONOMORPHIC_OR_UNCALLABLE
PRJNA1103397	GC_only_descriptive	PRIMARY_TECHNICAL	HPL00290	False	6	1.0	1	0	MONOMORPHIC_OR_UNCALLABLE
PRJNA1103397	GC_only_descriptive	PRIMARY_TECHNICAL	HPL00007	False	6	1.0	1	0	MONOMORPHIC_OR_UNCALLABLE
PRJNA1103397	GC_only_descriptive	PRIMARY_TECHNICAL	HPL00116	False	6	1.0	1	0	MONOMORPHIC_OR_UNCALLABLE
PRJNA1103397	GC_only_descriptive	PRIMARY_TECHNICAL	HPL00344	False	6	1.0	1	0	MONOMORPHIC_OR_UNCALLABLE
PRJNA1103397	GC_only_descriptive	PRIMARY_TECHNICAL	HPL00087	False	6	1.0	1	0	MONOMORPHIC_OR_UNCALLABLE
PRJNA1103397	GC_only_descriptive	PRIMARY_TECHNICAL	HPL00839	False	4	0.6667	1	0	CALLABILITY_0.667_LT_0.80;MONOMORPHIC_OR_UNCALLABLE
PRJNA1103397	GC_only_descriptive	PRIMARY_TECHNICAL	HPL00222	False	5	0.8333	1	0	MONOMORPHIC_OR_UNCALLABLE
PRJNA1103397	GC_only_descriptive	PRIMARY_TECHNICAL	HPL00106	False	6	1.0	1	0	MONOMORPHIC_OR_UNCALLABLE
PRJNA1103397	GC_only_descriptive	PRIMARY_TECHNICAL	HPL00485	False	5	0.8333	1	0	MONOMORPHIC_OR_UNCALLABLE
PRJNA1103397	GC_only_descriptive	PRIMARY_TECHNICAL	HPL00501	False	6	1.0	1	0	MONOMORPHIC_OR_UNCALLABLE
PRJNA1103397	GC_only_descriptive	PRIMARY_TECHNICAL	HPL00138	False	6	1.0	1	0	MONOMORPHIC_OR_UNCALLABLE
PRJNA1103397	GC_only_descriptive	PRIMARY_TECHNICAL	HPL00010	False	5	0.8333	3	1	MINOR_ALLELE_COUNT_1_LT_2
PRJNA1103397	GC_only_descriptive	PRIMARY_TECHNICAL	HPL00177	False	6	1.0	1	0	MONOMORPHIC_OR_UNCALLABLE
PRJNA1103397	GC_only_descriptive	PRIMARY_TECHNICAL	HPL00194	False	4	0.6667	1	0	CALLABILITY_0.667_LT_0.80;MONOMORPHIC_OR_UNCALLABLE
PRJNA1103397	GC_only_descriptive	PRIMARY_TECHNICAL	HPL00699	False	6	1.0	1	0	MONOMORPHIC_OR_UNCALLABLE
PRJNA1103397	GC_only_descriptive	PRIMARY_TECHNICAL	HPL00603	False	0	0.0	0	0	CALLABILITY_0.000_LT_0.80;MONOMORPHIC_OR_UNCALLABLE
PRJNA1103397	GC_only_descriptive	PRIMARY_TECHNICAL	HPL00241	False	6	1.0	1	0	MONOMORPHIC_OR_UNCALLABLE
PRJNA1103397	GC_only_descriptive	PRIMARY_TECHNICAL	HPL00345	False	6	1.0	1	0	MONOMORPHIC_OR_UNCALLABLE
PRJNA1103397	GC_only_descriptive	PRIMARY_TECHNICAL	HPL00157	False	6	1.0	1	0	MONOMORPHIC_OR_UNCALLABLE
PRJNA1103397	GC_only_descriptive	PRIMARY_TECHNICAL	HPL00415	False	6	1.0	1	0	MONOMORPHIC_OR_UNCALLABLE
PRJNA1103397	GC_only_descriptive	PRIMARY_TECHNICAL	HPL00189	False	6	1.0	1	0	MONOMORPHIC_OR_UNCALLABLE
PRJNA1103397	GC_only_descriptive	PRIMARY_TECHNICAL	HPL00347	False	6	1.0	1	0	MONOMORPHIC_OR_UNCALLABLE
PRJNA1103397	GC_only_descriptive	PRIMARY_TECHNICAL	HPL00274	False	6	1.0	1	0	MONOMORPHIC_OR_UNCALLABLE
PRJNA1103397	GC_only_descriptive	PRIMARY_TECHNICAL	HPL00379	False	6	1.0	1	0	MONOMORPHIC_OR_UNCALLABLE
PRJNA1103397	GC_only_descriptive	PRIMARY_TECHNICAL	HPL00383	False	6	1.0	1	0	MONOMORPHIC_OR_UNCALLABLE
PRJNA1103397	GC_only_descriptive	PRIMARY_TECHNICAL	HPL00531	False	6	1.0	1	0	MONOMORPHIC_OR_UNCALLABLE
PRJNA1103397	GC_only_descriptive	PRIMARY_TECHNICAL	HPL01053	False	4	0.6667	1	0	CALLABILITY_0.667_LT_0.80;MONOMORPHIC_OR_UNCALLABLE
PRJNA1103397	GC_only_descriptive	PRIMARY_TECHNICAL	HPL00209	False	6	1.0	1	0	MONOMORPHIC_OR_UNCALLABLE
PRJNA1103397	GC_only_descriptive	PRIMARY_TECHNICAL	HPL00460	False	6	1.0	1	0	MONOMORPHIC_OR_UNCALLABLE
PRJNA1103397	GC_only_descriptive	PRIMARY_TECHNICAL	HPL00155	False	6	1.0	1	0	MONOMORPHIC_OR_UNCALLABLE
PRJNA1103397	GC_only_descriptive	PRIMARY_TECHNICAL	HPL00261	False	4	0.6667	1	0	CALLABILITY_0.667_LT_0.80;MONOMORPHIC_OR_UNCALLABLE
PRJNA1103397	GC_only_descriptive	PRIMARY_TECHNICAL	HPL00414	False	6	1.0	1	0	MONOMORPHIC_OR_UNCALLABLE
PRJNA1103397	GC_only_descriptive	PRIMARY_TECHNICAL	HPL00134	False	2	0.3333	1	0	CALLABILITY_0.333_LT_0.80;MONOMORPHIC_OR_UNCALLABLE
PRJNA1103397	GC_only_descriptive	PRIMARY_TECHNICAL	HPL00231	False	6	1.0	1	0	MONOMORPHIC_OR_UNCALLABLE
PRJNA1103397	GC_only_descriptive	PRIMARY_TECHNICAL	HPL00187	False	6	1.0	1	0	MONOMORPHIC_OR_UNCALLABLE
PRJNA1103397	GC_only_descriptive	PRIMARY_TECHNICAL	HPL00540	False	6	1.0	1	0	MONOMORPHIC_OR_UNCALLABLE
PRJNA1103397	GC_only_descriptive	PRIMARY_TECHNICAL	HPL00075	False	5	0.8333	1	0	MONOMORPHIC_OR_UNCALLABLE
PRJNA1103397	GC_only_descriptive	PRIMARY_TECHNICAL	HPL00141	False	5	0.8333	1	0	MONOMORPHIC_OR_UNCALLABLE
PRJNA1103397	GC_only_descriptive	PRIMARY_TECHNICAL	HPL00223	False	5	0.8333	1	0	MONOMORPHIC_OR_UNCALLABLE
PRJNA1103397	GC_only_descriptive	PRIMARY_TECHNICAL	HPL00357	False	6	1.0	1	0	MONOMORPHIC_OR_UNCALLABLE
PRJNA1103397	GC_only_descriptive	PRIMARY_TECHNICAL	HPL00107	False	6	1.0	1	0	MONOMORPHIC_OR_UNCALLABLE
PRJNA1103397	GC_only_descriptive	PRIMARY_TECHNICAL	HPL00423	False	6	1.0	1	0	MONOMORPHIC_OR_UNCALLABLE
PRJNA1103397	GC_only_descriptive	PRIMARY_TECHNICAL	HPL00424	False	6	1.0	1	0	MONOMORPHIC_OR_UNCALLABLE
PRJNA1103397	GC_only_descriptive	PRIMARY_TECHNICAL	HPL00782	False	6	1.0	1	0	MONOMORPHIC_OR_UNCALLABLE
PRJNA1103397	GC_only_descriptive	PRIMARY_TECHNICAL	HPL00818	False	2	0.3333	1	0	CALLABILITY_0.333_LT_0.80;MONOMORPHIC_OR_UNCALLABLE
PRJNA1103397	GC_only_descriptive	PRIMARY_TECHNICAL	HPL00934	False	1	0.1667	1	0	CALLABILITY_0.167_LT_0.80;MONOMORPHIC_OR_UNCALLABLE
PRJNA1103397	GC_only_descriptive	PRIMARY_TECHNICAL	HPL00361	False	6	1.0	1	0	MONOMORPHIC_OR_UNCALLABLE
PRJNA1103397	GC_only_descriptive	PRIMARY_TECHNICAL	HPL00609	False	6	1.0	1	0	MONOMORPHIC_OR_UNCALLABLE
PRJNA1103397	GC_only_descriptive	PRIMARY_TECHNICAL	HPL00443	False	6	1.0	1	0	MONOMORPHIC_OR_UNCALLABLE
PRJNA1103397	GC_only_descriptive	PRIMARY_TECHNICAL	HPL00321	False	0	0.0	0	0	CALLABILITY_0.000_LT_0.80;MONOMORPHIC_OR_UNCALLABLE
PRJNA1103397	GC_only_descriptive	PRIMARY_TECHNICAL	HPL00225	False	2	0.3333	1	0	CALLABILITY_0.333_LT_0.80;MONOMORPHIC_OR_UNCALLABLE
PRJNA1103397	GC_only_descriptive	PRIMARY_TECHNICAL	HPL00163	False	6	1.0	1	0	MONOMORPHIC_OR_UNCALLABLE
PRJNA1103397	GC_only_descriptive	PRIMARY_TECHNICAL	HPL00386	False	6	1.0	1	0	MONOMORPHIC_OR_UNCALLABLE
PRJNA1103397	GC_only_descriptive	PRIMARY_TECHNICAL	HPL00105	False	6	1.0	1	0	MONOMORPHIC_OR_UNCALLABLE
PRJNA1103397	GC_only_descriptive	PRIMARY_TECHNICAL	HPL00376	False	6	1.0	1	0	MONOMORPHIC_OR_UNCALLABLE
PRJNA1103397	GC_only_descriptive	PRIMARY_TECHNICAL	HPL00234	False	6	1.0	1	0	MONOMORPHIC_OR_UNCALLABLE
PRJNA1103397	GC_only_descriptive	PRIMARY_TECHNICAL	HPL00849	False	1	0.1667	1	0	CALLABILITY_0.167_LT_0.80;MONOMORPHIC_OR_UNCALLABLE
PRJNA1103397	GC_only_descriptive	PRIMARY_TECHNICAL	HPL00229	False	6	1.0	1	0	MONOMORPHIC_OR_UNCALLABLE
PRJNA1103397	GC_only_descriptive	PRIMARY_TECHNICAL	HPL00502	False	6	1.0	1	0	MONOMORPHIC_OR_UNCALLABLE
PRJNA1103397	GC_only_descriptive	PRIMARY_TECHNICAL	HPL00521	False	1	0.1667	1	0	CALLABILITY_0.167_LT_0.80;MONOMORPHIC_OR_UNCALLABLE
PRJNA1103397	GC_only_descriptive	PRIMARY_TECHNICAL	HPL00165	False	6	1.0	1	0	MONOMORPHIC_OR_UNCALLABLE
PRJNA1103397	GC_only_descriptive	PRIMARY_TECHNICAL	HPL00360	False	5	0.8333	1	0	MONOMORPHIC_OR_UNCALLABLE
PRJNA1103397	GC_only_descriptive	PRIMARY_TECHNICAL	HPL00025	False	6	1.0	1	0	MONOMORPHIC_OR_UNCALLABLE
PRJNA1103397	GC_only_descriptive	PRIMARY_TECHNICAL	HPL00125	False	6	1.0	1	0	MONOMORPHIC_OR_UNCALLABLE
PRJNA1103397	GC_only_descriptive	PRIMARY_TECHNICAL	HPL00008	False	6	1.0	1	0	MONOMORPHIC_OR_UNCALLABLE
PRJNA1103397	GC_only_descriptive	PRIMARY_TECHNICAL	HPL00342	False	6	1.0	1	0	MONOMORPHIC_OR_UNCALLABLE
PRJNA1103397	GC_only_descriptive	PRIMARY_TECHNICAL	HPL00702	False	2	0.3333	1	0	CALLABILITY_0.333_LT_0.80;MONOMORPHIC_OR_UNCALLABLE
PRJNA1103397	GC_only_descriptive	PRIMARY_TECHNICAL	HPL00013	False	6	1.0	1	0	MONOMORPHIC_OR_UNCALLABLE
PRJNA1103397	GC_only_descriptive	PRIMARY_TECHNICAL	HPL00172	False	6	1.0	1	0	MONOMORPHIC_OR_UNCALLABLE
PRJNA1103397	GC_only_descriptive	PRIMARY_TECHNICAL	HPL00679	False	1	0.1667	1	0	CALLABILITY_0.167_LT_0.80;MONOMORPHIC_OR_UNCALLABLE
PRJNA1103397	GC_only_descriptive	PRIMARY_TECHNICAL	HPL00804	False	6	1.0	1	0	MONOMORPHIC_OR_UNCALLABLE
PRJNA1103397	GC_only_descriptive	PRIMARY_TECHNICAL	HPL00304	False	6	1.0	1	0	MONOMORPHIC_OR_UNCALLABLE
PRJNA1103397	GC_only_descriptive	PRIMARY_TECHNICAL	HPL00496	False	6	1.0	1	0	MONOMORPHIC_OR_UNCALLABLE
PRJNA1103397	GC_only_descriptive	PRIMARY_TECHNICAL	HPL00264	False	5	0.8333	1	0	MONOMORPHIC_OR_UNCALLABLE
PRJNA1103397	GC_only_descriptive	PRIMARY_TECHNICAL	HPL00352	False	1	0.1667	1	0	CALLABILITY_0.167_LT_0.80;MONOMORPHIC_OR_UNCALLABLE
PRJNA1103397	GC_only_descriptive	PRIMARY_TECHNICAL	HPL00482	False	6	1.0	1	0	MONOMORPHIC_OR_UNCALLABLE
PRJNA1103397	GC_only_descriptive	PRIMARY_TECHNICAL	HPL00613	False	2	0.3333	1	0	CALLABILITY_0.333_LT_0.80;MONOMORPHIC_OR_UNCALLABLE
PRJNA1103397	GC_only_descriptive	PRIMARY_TECHNICAL	HPL00318	False	0	0.0	0	0	CALLABILITY_0.000_LT_0.80;MONOMORPHIC_OR_UNCALLABLE
PRJNA1103397	GC_only_descriptive	PRIMARY_TECHNICAL	HPL00166	False	6	1.0	1	0	MONOMORPHIC_OR_UNCALLABLE
PRJNA1103397	GC_only_descriptive	PRIMARY_TECHNICAL	HPL00243	False	6	1.0	1	0	MONOMORPHIC_OR_UNCALLABLE
PRJNA1103397	GC_only_descriptive	PRIMARY_TECHNICAL	HPL00751	False	6	1.0	1	0	MONOMORPHIC_OR_UNCALLABLE
PRJNA1103397	GC_only_descriptive	PRIMARY_TECHNICAL	HPL00024	False	6	1.0	1	0	MONOMORPHIC_OR_UNCALLABLE
PRJNA1103397	GC_only_descriptive	PRIMARY_TECHNICAL	HPL00325	False	6	1.0	1	0	MONOMORPHIC_OR_UNCALLABLE
PRJNA1103397	GC_only_descriptive	PRIMARY_TECHNICAL	HPL00369	False	6	1.0	1	0	MONOMORPHIC_OR_UNCALLABLE
PRJNA1103397	GC_only_descriptive	PRIMARY_TECHNICAL	HPL00108	False	6	1.0	1	0	MONOMORPHIC_OR_UNCALLABLE
PRJNA1103397	GC_only_descriptive	PRIMARY_TECHNICAL	HPL00544	False	4	0.6667	1	0	CALLABILITY_0.667_LT_0.80;MONOMORPHIC_OR_UNCALLABLE
PRJNA1103397	GC_only_descriptive	PRIMARY_TECHNICAL	HPL00043	False	6	1.0	1	0	MONOMORPHIC_OR_UNCALLABLE
PRJNA1103397	GC_only_descriptive	PRIMARY_TECHNICAL	HPL00838	False	0	0.0	0	0	CALLABILITY_0.000_LT_0.80;MONOMORPHIC_OR_UNCALLABLE
PRJNA1103397	GC_only_descriptive	PRIMARY_TECHNICAL	HPL00365	False	6	1.0	1	0	MONOMORPHIC_OR_UNCALLABLE
PRJNA1103397	GC_only_descriptive	PRIMARY_TECHNICAL	HPL00242	False	6	1.0	1	0	MONOMORPHIC_OR_UNCALLABLE
PRJNA1103397	GC_only_descriptive	PRIMARY_TECHNICAL	HPL00246	False	5	0.8333	1	0	MONOMORPHIC_OR_UNCALLABLE
PRJNA1103397	GC_only_descriptive	PRIMARY_TECHNICAL	HPL00442	False	6	1.0	1	0	MONOMORPHIC_OR_UNCALLABLE
PRJNA1103397	GC_only_descriptive	PRIMARY_TECHNICAL	HPL00645	False	6	1.0	1	0	MONOMORPHIC_OR_UNCALLABLE
PRJNA1103397	GC_only_descriptive	PRIMARY_TECHNICAL	HPL00311	False	6	1.0	1	0	MONOMORPHIC_OR_UNCALLABLE
PRJNA1103397	GC_only_descriptive	PRIMARY_TECHNICAL	HPL00111	False	6	1.0	1	0	MONOMORPHIC_OR_UNCALLABLE
PRJNA1103397	GC_only_descriptive	PRIMARY_TECHNICAL	HPL00337	False	6	1.0	1	0	MONOMORPHIC_OR_UNCALLABLE
PRJNA1103397	GC_only_descriptive	PRIMARY_TECHNICAL	HPL00421	False	6	1.0	1	0	MONOMORPHIC_OR_UNCALLABLE
PRJNA1103397	GC_only_descriptive	PRIMARY_TECHNICAL	HPL00044	False	1	0.1667	1	0	CALLABILITY_0.167_LT_0.80;MONOMORPHIC_OR_UNCALLABLE
PRJNA1103397	GC_only_descriptive	PRIMARY_TECHNICAL	HPL00305	False	6	1.0	2	1	MINOR_ALLELE_COUNT_1_LT_2
PRJNA1103397	GC_only_descriptive	PRIMARY_TECHNICAL	HPL00090	False	6	1.0	1	0	MONOMORPHIC_OR_UNCALLABLE
PRJNA1103397	GC_only_descriptive	PRIMARY_TECHNICAL	HPL00239	False	5	0.8333	1	0	MONOMORPHIC_OR_UNCALLABLE
PRJNA1103397	GC_only_descriptive	PRIMARY_TECHNICAL	HPL00380	False	6	1.0	1	0	MONOMORPHIC_OR_UNCALLABLE
PRJNA1103397	GC_only_descriptive	PRIMARY_TECHNICAL	HPL00419	False	6	1.0	1	0	MONOMORPHIC_OR_UNCALLABLE
PRJNA1103397	GC_only_descriptive	PRIMARY_TECHNICAL	HPL00072	False	6	1.0	1	0	MONOMORPHIC_OR_UNCALLABLE
PRJNA1103397	GC_only_descriptive	PRIMARY_TECHNICAL	HPL00232	False	6	1.0	1	0	MONOMORPHIC_OR_UNCALLABLE
PRJNA1103397	GC_only_descriptive	PRIMARY_TECHNICAL	HPL00162	False	6	1.0	1	0	MONOMORPHIC_OR_UNCALLABLE
PRJNA1103397	GC_only_descriptive	PRIMARY_TECHNICAL	HPL00573	False	6	1.0	1	0	MONOMORPHIC_OR_UNCALLABLE
PRJNA1103397	GC_only_descriptive	PRIMARY_TECHNICAL	HPL00014	False	6	1.0	1	0	MONOMORPHIC_OR_UNCALLABLE
PRJNA1103397	GC_only_descriptive	PRIMARY_TECHNICAL	HPL00117	False	6	1.0	1	0	MONOMORPHIC_OR_UNCALLABLE
PRJNA1103397	GC_only_descriptive	PRIMARY_TECHNICAL	HPL00002	False	6	1.0	1	0	MONOMORPHIC_OR_UNCALLABLE
PRJNA1103397	GC_only_descriptive	PRIMARY_TECHNICAL	HPL00267	False	6	1.0	1	0	MONOMORPHIC_OR_UNCALLABLE
PRJNA1103397	GC_only_descriptive	PRIMARY_TECHNICAL	HPL00640	False	6	1.0	1	0	MONOMORPHIC_OR_UNCALLABLE
PRJNA1103397	GC_only_descriptive	PRIMARY_TECHNICAL	HPL00817	False	6	1.0	1	0	MONOMORPHIC_OR_UNCALLABLE
PRJNA1103397	GC_only_descriptive	PRIMARY_TECHNICAL	HPL00143	False	6	1.0	1	0	MONOMORPHIC_OR_UNCALLABLE
PRJNA1103397	GC_only_descriptive	PRIMARY_TECHNICAL	HPL00322	False	2	0.3333	1	0	CALLABILITY_0.333_LT_0.80;MONOMORPHIC_OR_UNCALLABLE
PRJNA1103397	GC_only_descriptive	PRIMARY_TECHNICAL	HPL00303	False	6	1.0	1	0	MONOMORPHIC_OR_UNCALLABLE
PRJNA1103397	GC_only_descriptive	PRIMARY_TECHNICAL	HPL00429	False	3	0.5	1	0	CALLABILITY_0.500_LT_0.80;MONOMORPHIC_OR_UNCALLABLE
PRJNA1103397	GC_only_descriptive	PRIMARY_TECHNICAL	HPL00809	False	1	0.1667	1	0	CALLABILITY_0.167_LT_0.80;MONOMORPHIC_OR_UNCALLABLE
PRJNA1103397	GC_only_descriptive	PRIMARY_TECHNICAL	HPL00174	False	6	1.0	1	0	MONOMORPHIC_OR_UNCALLABLE
PRJNA1103397	GC_only_descriptive	PRIMARY_TECHNICAL	HPL00154	False	6	1.0	1	0	MONOMORPHIC_OR_UNCALLABLE
PRJNA1103397	GC_only_descriptive	PRIMARY_TECHNICAL	HPL00835	False	4	0.6667	1	0	CALLABILITY_0.667_LT_0.80;MONOMORPHIC_OR_UNCALLABLE
PRJNA1103397	GC_only_descriptive	PRIMARY_TECHNICAL	HPL00050	False	6	1.0	1	0	MONOMORPHIC_OR_UNCALLABLE
PRJNA1103397	GC_only_descriptive	PRIMARY_TECHNICAL	HPL00042	False	6	1.0	1	0	MONOMORPHIC_OR_UNCALLABLE
PRJNA1103397	GC_only_descriptive	PRIMARY_TECHNICAL	HPL00465	False	6	1.0	1	0	MONOMORPHIC_OR_UNCALLABLE
PRJNA1103397	GC_only_descriptive	PRIMARY_TECHNICAL	HPL00089	False	6	1.0	1	0	MONOMORPHIC_OR_UNCALLABLE
PRJNA1103397	GC_only_descriptive	PRIMARY_TECHNICAL	HPL00199	False	6	1.0	1	0	MONOMORPHIC_OR_UNCALLABLE
PRJNA1103397	GC_only_descriptive	PRIMARY_TECHNICAL	HPL00505	False	0	0.0	0	0	CALLABILITY_0.000_LT_0.80;MONOMORPHIC_OR_UNCALLABLE
PRJNA1103397	GC_only_descriptive	PRIMARY_TECHNICAL	HPL00503	False	6	1.0	1	0	MONOMORPHIC_OR_UNCALLABLE
PRJNA1103397	GC_only_descriptive	PRIMARY_TECHNICAL	HPL00079	False	6	1.0	1	0	MONOMORPHIC_OR_UNCALLABLE
PRJNA1103397	GC_only_descriptive	PRIMARY_TECHNICAL	HPL00169	False	6	1.0	1	0	MONOMORPHIC_OR_UNCALLABLE
PRJNA1103397	GC_only_descriptive	PRIMARY_TECHNICAL	HPL00548	False	0	0.0	0	0	CALLABILITY_0.000_LT_0.80;MONOMORPHIC_OR_UNCALLABLE
PRJNA1103397	GC_only_descriptive	PRIMARY_TECHNICAL	HPL00313	False	6	1.0	1	0	MONOMORPHIC_OR_UNCALLABLE
PRJNA1103397	GC_only_descriptive	PRIMARY_TECHNICAL	HPL00601	False	4	0.6667	2	1	CALLABILITY_0.667_LT_0.80;MINOR_ALLELE_COUNT_1_LT_2
PRJNA1103397	GC_only_descriptive	PRIMARY_TECHNICAL	HPL00319	False	0	0.0	0	0	CALLABILITY_0.000_LT_0.80;MONOMORPHIC_OR_UNCALLABLE
PRJNA1103397	GC_only_descriptive	PRIMARY_TECHNICAL	HPL01081	False	1	0.1667	1	0	CALLABILITY_0.167_LT_0.80;MONOMORPHIC_OR_UNCALLABLE
PRJNA1103397	GC_only_descriptive	PRIMARY_TECHNICAL	HPL00370	False	6	1.0	1	0	MONOMORPHIC_OR_UNCALLABLE
PRJNA1103397	GC_only_descriptive	PRIMARY_TECHNICAL	HPL00074	False	6	1.0	1	0	MONOMORPHIC_OR_UNCALLABLE
PRJNA1103397	GC_only_descriptive	PRIMARY_TECHNICAL	HPL00204	False	6	1.0	1	0	MONOMORPHIC_OR_UNCALLABLE
PRJNA1103397	GC_only_descriptive	PRIMARY_TECHNICAL	HPL00292	False	0	0.0	0	0	CALLABILITY_0.000_LT_0.80;MONOMORPHIC_OR_UNCALLABLE
PRJNA1103397	GC_only_descriptive	PRIMARY_TECHNICAL	HPL00112	False	6	1.0	1	0	MONOMORPHIC_OR_UNCALLABLE
PRJNA1103397	GC_only_descriptive	PRIMARY_TECHNICAL	HPL00709	False	6	1.0	2	1	MINOR_ALLELE_COUNT_1_LT_2
PRJNA1103397	GC_only_descriptive	PRIMARY_TECHNICAL	HPL00682	False	0	0.0	0	0	CALLABILITY_0.000_LT_0.80;MONOMORPHIC_OR_UNCALLABLE
PRJNA1103397	GC_only_descriptive	PRIMARY_TECHNICAL	HPL00466	False	6	1.0	1	0	MONOMORPHIC_OR_UNCALLABLE
PRJNA1103397	GC_only_descriptive	PRIMARY_TECHNICAL	HPL00413	False	6	1.0	1	0	MONOMORPHIC_OR_UNCALLABLE
PRJNA1103397	GC_only_descriptive	PRIMARY_TECHNICAL	HPL00524	False	6	1.0	1	0	MONOMORPHIC_OR_UNCALLABLE
PRJNA1103397	GC_only_descriptive	PRIMARY_TECHNICAL	HPL00761	False	6	1.0	1	0	MONOMORPHIC_OR_UNCALLABLE
PRJNA1103397	GC_only_descriptive	PRIMARY_TECHNICAL	HPL00447	False	4	0.6667	1	0	CALLABILITY_0.667_LT_0.80;MONOMORPHIC_OR_UNCALLABLE
PRJNA1103397	GC_only_descriptive	PRIMARY_TECHNICAL	HPL00530	False	6	1.0	1	0	MONOMORPHIC_OR_UNCALLABLE
PRJNA1103397	GC_only_descriptive	PRIMARY_TECHNICAL	HPL00145	False	6	1.0	1	0	MONOMORPHIC_OR_UNCALLABLE
PRJNA1103397	GC_only_descriptive	PRIMARY_TECHNICAL	HPL00262	False	6	1.0	1	0	MONOMORPHIC_OR_UNCALLABLE
PRJNA1103397	GC_only_descriptive	PRIMARY_TECHNICAL	HPL00273	False	6	1.0	1	0	MONOMORPHIC_OR_UNCALLABLE
PRJNA1103397	GC_only_descriptive	PRIMARY_TECHNICAL	HPL00450	False	6	1.0	1	0	MONOMORPHIC_OR_UNCALLABLE
PRJNA1103397	GC_only_descriptive	PRIMARY_TECHNICAL	HPL00514	False	6	1.0	1	0	MONOMORPHIC_OR_UNCALLABLE
PRJNA1103397	GC_only_descriptive	PRIMARY_TECHNICAL	HPL00113	False	6	1.0	1	0	MONOMORPHIC_OR_UNCALLABLE
PRJNA1103397	GC_only_descriptive	PRIMARY_TECHNICAL	HPL00351	False	6	1.0	1	0	MONOMORPHIC_OR_UNCALLABLE
PRJNA1103397	GC_only_descriptive	PRIMARY_TECHNICAL	HPL00407	False	6	1.0	1	0	MONOMORPHIC_OR_UNCALLABLE
PRJNA1103397	GC_only_descriptive	PRIMARY_TECHNICAL	HPL00127	False	6	1.0	1	0	MONOMORPHIC_OR_UNCALLABLE
PRJNA1103397	GC_only_descriptive	PRIMARY_TECHNICAL	HPL00493	False	6	1.0	1	0	MONOMORPHIC_OR_UNCALLABLE
PRJNA1103397	GC_only_descriptive	PRIMARY_TECHNICAL	HPL00275	False	6	1.0	1	0	MONOMORPHIC_OR_UNCALLABLE
PRJNA1103397	GC_only_descriptive	PRIMARY_TECHNICAL	HPL00576	False	1	0.1667	1	0	CALLABILITY_0.167_LT_0.80;MONOMORPHIC_OR_UNCALLABLE
PRJNA1103397	GC_only_descriptive	PRIMARY_TECHNICAL	HPL00604	False	3	0.5	1	0	CALLABILITY_0.500_LT_0.80;MONOMORPHIC_OR_UNCALLABLE
PRJNA1103397	GC_only_descriptive	PRIMARY_TECHNICAL	HPL00183	False	6	1.0	1	0	MONOMORPHIC_OR_UNCALLABLE
PRJNA1103397	GC_only_descriptive	PRIMARY_TECHNICAL	HPL00001	False	6	1.0	1	0	MONOMORPHIC_OR_UNCALLABLE
PRJNA1103397	GC_only_descriptive	PRIMARY_TECHNICAL	HPL00084	False	6	1.0	1	0	MONOMORPHIC_OR_UNCALLABLE
PRJNA1103397	GC_only_descriptive	PRIMARY_TECHNICAL	HPL00126	False	6	1.0	1	0	MONOMORPHIC_OR_UNCALLABLE
PRJNA1103397	GC_only_descriptive	PRIMARY_TECHNICAL	HPL00191	False	5	0.8333	1	0	MONOMORPHIC_OR_UNCALLABLE
PRJNA1103397	GC_only_descriptive	PRIMARY_TECHNICAL	HPL00077	False	6	1.0	1	0	MONOMORPHIC_OR_UNCALLABLE
PRJNA1103397	GC_only_descriptive	PRIMARY_TECHNICAL	HPL00289	False	4	0.6667	1	0	CALLABILITY_0.667_LT_0.80;MONOMORPHIC_OR_UNCALLABLE
PRJNA1103397	GC_only_descriptive	PRIMARY_TECHNICAL	HPL00064	False	6	1.0	2	1	MINOR_ALLELE_COUNT_1_LT_2
PRJNA1103397	GC_only_descriptive	PRIMARY_TECHNICAL	HPL00270	False	6	1.0	1	0	MONOMORPHIC_OR_UNCALLABLE
PRJNA1103397	GC_only_descriptive	PRIMARY_TECHNICAL	HPL00297	False	6	1.0	1	0	MONOMORPHIC_OR_UNCALLABLE
PRJNA1103397	GC_only_descriptive	PRIMARY_TECHNICAL	HPL00354	False	6	1.0	1	0	MONOMORPHIC_OR_UNCALLABLE
PRJNA1103397	GC_only_descriptive	PRIMARY_TECHNICAL	HPL00392	False	6	1.0	1	0	MONOMORPHIC_OR_UNCALLABLE
PRJNA1103397	GC_only_descriptive	PRIMARY_TECHNICAL	HPL00750	False	3	0.5	1	0	CALLABILITY_0.500_LT_0.80;MONOMORPHIC_OR_UNCALLABLE
PRJNA1103397	GC_only_descriptive	PRIMARY_TECHNICAL	HPL01110	False	6	1.0	1	0	MONOMORPHIC_OR_UNCALLABLE
PRJNA1103397	GC_only_descriptive	PRIMARY_TECHNICAL	HPL00435	False	6	1.0	1	0	MONOMORPHIC_OR_UNCALLABLE
PRJNA1103397	GC_only_descriptive	PRIMARY_TECHNICAL	HPL00040	False	6	1.0	1	0	MONOMORPHIC_OR_UNCALLABLE
