bioproject	n_correa_biosamples	stage_counts	countries	platform_classes	verification_status_counts	patient_mapping_status_counts	n_distinct_patients_confirmed	public_reads_status_counts	biopsy_site_counts	has_structure_coordinates
PRJDB10121	5	GC:5	Japan	PACBIO_LONG	SOURCE_VERIFIED_PARTIAL:5	NONE:5	0	ENA_FASTQ_LISTED:5	UNKNOWN:5	NO
PRJDB5843	18	GC:18	Japan	PACBIO_LONG	CONFLICT:18	NONE:18	0	ENA_FASTQ_LISTED:18	UNKNOWN:18	NO
PRJNA1011037	1	GC:1	Russia	UNKNOWN	SOURCE_VERIFIED_PARTIAL:1	NONE:1	0	ASSEMBLY_ONLY:1	UNKNOWN:1	NO
PRJNA1013907	1	GC:1	France	ONT_LONG	CONFLICT:1	NONE:1	0	ENA_FASTQ_LISTED:1	GASTRIC_UNSPECIFIED:1	NO
PRJNA1034282	8	GC:4;IM:4	Iran	ILLUMINA_SHORT	REPOSITORY_ONLY:8	NONE:8	0	ENA_FASTQ_LISTED:8	ANTRUM:8	NO
PRJNA1037030	8	GC:1;IM:1;NAG:6	Colombia	ONT_LONG	CONFLICT:8	NONE:8	0	ENA_FASTQ_LISTED:8	GASTRIC_UNSPECIFIED:8	NO
PRJNA1056683	1	GC:1	South Korea	UNKNOWN	NOT_HIGH_PRIORITY:1	NONE:1	0	ASSEMBLY_ONLY:1	UNKNOWN:1	NO
PRJNA1073547	47	AG:1;NAG:46	Sweden	UNKNOWN	REPOSITORY_ONLY:47	NONE:47	0	ASSEMBLY_ONLY:47	ANTRUM:47	NO
PRJNA1103397	6	GC:6	China	ILLUMINA_SHORT	NOT_HIGH_PRIORITY:6	NONE:6	0	ENA_FASTQ_LISTED:6	GASTRIC_UNSPECIFIED:6	NO
PRJNA1136026	38	GC:19;NAG:19	Sweden	UNKNOWN	SOURCE_VERIFIED_PARTIAL:38	NONE:38	0	ASSEMBLY_ONLY:38	GASTRIC_UNSPECIFIED:38	NO
PRJNA1489282	6	NAG:6	China	ILLUMINA_SHORT	REPOSITORY_ONLY:6	NONE:6	0	NCBI_SRA_ONLY_FASTQ_UNCHECKED:6	UNKNOWN:6	NO
PRJNA165757	1	GC:1	Malaysia	UNKNOWN	SOURCE_VERIFIED_PARTIAL:1	NONE:1	0	ASSEMBLY_ONLY:1	GASTRIC_UNSPECIFIED:1	NO
PRJNA203445	75	GC:23;IM:12;NAG:40	Mexico	ILLUMINA_SHORT;UNKNOWN	SOURCE_VERIFIED_PARTIAL:75	NONE:75	0	ASSEMBLY_ONLY:60;ENA_FASTQ_LISTED:15	GASTRIC_UNSPECIFIED:15;UNKNOWN:60	NO
PRJNA219052	1	GC:1	Russia	UNKNOWN	NOT_HIGH_PRIORITY:1	NONE:1	0	ASSEMBLY_ONLY:1	GASTRIC_UNSPECIFIED:1	NO
PRJNA219053	1	GC:1	Russia	UNKNOWN	NOT_HIGH_PRIORITY:1	NONE:1	0	ASSEMBLY_ONLY:1	GASTRIC_UNSPECIFIED:1	NO
PRJNA242766	19	AG:11;IM:8	Nicaragua	ILLUMINA_SHORT	CONFLICT:19	NONE:19	0	ENA_FASTQ_LISTED:19	ANTRUM:12;CORPUS:7	NO
PRJNA243598	1	GC:1	United Kingdom	UNKNOWN	NOT_HIGH_PRIORITY:1	NONE:1	0	ASSEMBLY_ONLY:1	UNKNOWN:1	NO
PRJNA264984	1	GC:1	Mexico	UNKNOWN	NOT_HIGH_PRIORITY:1	NONE:1	0	ASSEMBLY_ONLY:1	GASTRIC_UNSPECIFIED:1	NO
PRJNA276970	1	GC:1	United States	UNKNOWN	NOT_HIGH_PRIORITY:1	NONE:1	0	ASSEMBLY_ONLY:1	UNKNOWN:1	NO
PRJNA316597	1	GC:1	France	ILLUMINA_SHORT	NOT_HIGH_PRIORITY:1	NONE:1	0	ENA_FASTQ_LISTED:1	UNKNOWN:1	NO
PRJNA338771	12	GC:1;IM:10;NAG:1	Mexico	UNKNOWN	CONFLICT:12	NONE:12	0	ASSEMBLY_ONLY:12	GASTRIC_UNSPECIFIED:8;UNKNOWN:4	NO
PRJNA342928	1	GC:1	Singapore	UNKNOWN	NOT_HIGH_PRIORITY:1	NONE:1	0	ASSEMBLY_ONLY:1	GASTRIC_UNSPECIFIED:1	NO
PRJNA342930	11	GC:11	Singapore	UNKNOWN	REPOSITORY_ONLY:11	NONE:11	0	ASSEMBLY_ONLY:11	GASTRIC_UNSPECIFIED:11	NO
PRJNA344000	1	GC:1	Singapore	ILLUMINA_SHORT	NOT_HIGH_PRIORITY:1	NONE:1	0	ENA_FASTQ_LISTED:1	GASTRIC_UNSPECIFIED:1	NO
PRJNA350256	5	GC:2;NAG:3	Sweden	UNKNOWN	REPOSITORY_ONLY:5	NONE:5	0	ASSEMBLY_ONLY:5	GASTRIC_UNSPECIFIED:5	NO
PRJNA352848	15	IM:14;NAG:1	Colombia	UNKNOWN	CONFLICT:15	NONE:15	0	ASSEMBLY_ONLY:15	GASTRIC_UNSPECIFIED:14;UNKNOWN:1	NO
PRJNA360417	13	AG:1;DYS:1;IM:6;NAG:5	Colombia	ILLUMINA_SHORT	REPOSITORY_ONLY:13	CONFIRMED:13	13	ENA_FASTQ_LISTED:13	ANTRUM:11;GASTRIC_UNSPECIFIED:2	NO
PRJNA395900	20	GC:19;IM:1	Belgium;France;Ireland;Sweden	UNKNOWN	CONFLICT:20	NONE:20	0	ASSEMBLY_ONLY:20	GASTRIC_UNSPECIFIED:20	NO
PRJNA479414	12	AG:1;GC:1;NAG:10	France;Iran;Sweden	UNKNOWN	SOURCE_VERIFIED_PARTIAL:12	NONE:12	0	ASSEMBLY_ONLY:12	ANTRUM:5;GASTRIC_UNSPECIFIED:7	NO
PRJNA482300	87	AG:20;GC:38;NAG:29	China;Japan	UNKNOWN	SOURCE_VERIFIED_PARTIAL:87	NONE:87	0	ASSEMBLY_ONLY:87	GASTRIC_UNSPECIFIED:87	NO
PRJNA490474	110	AG:110	Germany	ILLUMINA_SHORT;UNKNOWN	CONFLICT:110	CONFIRMED:110	4	ASSEMBLY_ONLY:8;ENA_FASTQ_LISTED:102	ANTRUM:45;CORPUS:45;FUNDUS:20	NO
PRJNA494865	1	GC:1	UNKNOWN	UNKNOWN	NOT_HIGH_PRIORITY:1	NONE:1	0	ASSEMBLY_ONLY:1	UNKNOWN:1	NO
PRJNA513874	7	GC:7	Mexico	UNKNOWN	SOURCE_VERIFIED_PARTIAL:7	NONE:7	0	ASSEMBLY_ONLY:7	GASTRIC_UNSPECIFIED:7	NO
PRJNA521871	19	AG:9;IM:10	Nicaragua	UNKNOWN	REPOSITORY_ONLY:19	CONFIRMED:19	19	ASSEMBLY_ONLY:19	ANTRUM:13;CORPUS:4;GASTRIC_UNSPECIFIED:2	YES
PRJNA601302	37	GC:2;IM:4;NAG:31	Brazil;Canada;Honduras	UNKNOWN	SOURCE_VERIFIED_PARTIAL:37	NONE:37	0	ASSEMBLY_ONLY:37	GASTRIC_UNSPECIFIED:37	NO
PRJNA604073	9	IM:3;NAG:6	Colombia	ILLUMINA_SHORT	CONFLICT:9	NONE:9	0	ENA_FASTQ_LISTED:9	GASTRIC_UNSPECIFIED:9	NO
PRJNA678459	10	AG:5;GC:5	China	ILLUMINA_SHORT	REPOSITORY_ONLY:10	CONFIRMED:10	10	ENA_FASTQ_LISTED:10	CULTURE_ONLY:1;UNKNOWN:9	NO
PRJNA681870	46	AG:1;GC:9;IM:2;NAG:34	Mexico	UNKNOWN	SOURCE_VERIFIED_PARTIAL:46	NONE:46	0	ASSEMBLY_ONLY:46	GASTRIC_UNSPECIFIED:46	NO
PRJNA689207	6	IM:6	Vietnam	ILLUMINA_SHORT	SOURCE_VERIFIED_PARTIAL:6	NONE:6	0	ENA_FASTQ_LISTED:6	GASTRIC_UNSPECIFIED:6	NO
PRJNA690879	67	AG:66;GC:1	China	UNKNOWN	SOURCE_VERIFIED_FULL:67	NONE:67	0	ASSEMBLY_ONLY:67	UNKNOWN:67	NO
PRJNA718481	6	AG:6	China	ILLUMINA_SHORT	REPOSITORY_ONLY:6	NONE:6	0	ENA_FASTQ_LISTED:6	GASTRIC_UNSPECIFIED:6	NO
PRJNA727927	2	GC:2	India	UNKNOWN	SOURCE_VERIFIED_PARTIAL:2	NONE:2	0	ASSEMBLY_ONLY:2	GASTRIC_UNSPECIFIED:2	NO
PRJNA807891	1	GC:1	India	UNKNOWN	REPOSITORY_ONLY:1	NONE:1	0	ASSEMBLY_ONLY:1	UNKNOWN:1	NO
PRJNA816422	42	AG:20;NAG:22	China	ILLUMINA_SHORT;ILLUMINA_SHORT;ONT_LONG	CONFLICT:42	NONE:42	0	ENA_FASTQ_LISTED:42	GASTRIC_UNSPECIFIED:42	NO
PRJNA984677	13	IM:5;NAG:8	Colombia	ILLUMINA_SHORT	SOURCE_VERIFIED_FULL:13	NONE:13	0	ENA_FASTQ_LISTED:13	GASTRIC_UNSPECIFIED:13	NO
