sample_id	biosample	patient_uid	bioproject	assembly_accession	disease_label	disease_label_provenance	country	region	platform	biopsy_site	study	role	local_fasta_path	local_sha256	source_url	inclusion_exclusion_reason
REF_26695	NA	NOT_APPLICABLE_REFERENCE_STRAIN	NA	GCF_000008525.1	NOT_APPLICABLE_REFERENCE_STRAIN	NOT_APPLICABLE	UNKNOWN_REFERENCE_STRAIN	UNKNOWN	NA_ASSEMBLY_ONLY	UNKNOWN	G5_REFERENCE_PANEL	REFERENCE_LINEAGE_ANCHOR	data/reference/g7_panel/GCF_000008525.1.fna.gz	da612556546f9704dabaa8a394b6687bd75acbb2c631d2fb0bebbf489d537425	https://ftp.ncbi.nlm.nih.gov/genomes/all/GCF/000/008/525/GCF_000008525.1_ASM852v1/GCF_000008525.1_ASM852v1_genomic.fna.gz	INCLUDED: diverse global reference strain used for G5 catalogue; lineage anchoring only, disease-blind
REF_J99	NA	NOT_APPLICABLE_REFERENCE_STRAIN	NA	GCF_000008785.1	NOT_APPLICABLE_REFERENCE_STRAIN	NOT_APPLICABLE	UNKNOWN_REFERENCE_STRAIN	UNKNOWN	NA_ASSEMBLY_ONLY	UNKNOWN	G5_REFERENCE_PANEL	REFERENCE_LINEAGE_ANCHOR	data/reference/g7_panel/GCF_000008785.1.fna.gz	d7f5723b5a8295451ea0608ab44788c01db2cd9c1d524b179192f401da2372cb	https://ftp.ncbi.nlm.nih.gov/genomes/all/GCF/000/008/785/GCF_000008785.1_ASM878v1/GCF_000008785.1_ASM878v1_genomic.fna.gz	INCLUDED: diverse global reference strain used for G5 catalogue; lineage anchoring only, disease-blind
REF_HPAG1	NA	NOT_APPLICABLE_REFERENCE_STRAIN	NA	GCF_000013245.1	NOT_APPLICABLE_REFERENCE_STRAIN	NOT_APPLICABLE	UNKNOWN_REFERENCE_STRAIN	UNKNOWN	NA_ASSEMBLY_ONLY	UNKNOWN	G5_REFERENCE_PANEL	REFERENCE_LINEAGE_ANCHOR	data/reference/g7_panel/GCF_000013245.1.fna.gz	2c649bb617e3720aa377e141454b898e65845e35d6d16c5b44d4558fa3a3cc17	https://ftp.ncbi.nlm.nih.gov/genomes/all/GCF/000/013/245/GCF_000013245.1_ASM1324v1/GCF_000013245.1_ASM1324v1_genomic.fna.gz	INCLUDED: diverse global reference strain used for G5 catalogue; lineage anchoring only, disease-blind
REF_G27	NA	NOT_APPLICABLE_REFERENCE_STRAIN	NA	GCF_000021165.1	NOT_APPLICABLE_REFERENCE_STRAIN	NOT_APPLICABLE	UNKNOWN_REFERENCE_STRAIN	UNKNOWN	NA_ASSEMBLY_ONLY	UNKNOWN	G5_REFERENCE_PANEL	REFERENCE_LINEAGE_ANCHOR	data/reference/g7_panel/GCF_000021165.1.fna.gz	83433c26419660baca34a5cb6c0d699994343aa587675918d2434d9aaa763115	https://ftp.ncbi.nlm.nih.gov/genomes/all/GCF/000/021/165/GCF_000021165.1_ASM2116v1/GCF_000021165.1_ASM2116v1_genomic.fna.gz	INCLUDED: diverse global reference strain used for G5 catalogue; lineage anchoring only, disease-blind
REF_P12	NA	NOT_APPLICABLE_REFERENCE_STRAIN	NA	GCF_000021465.1	NOT_APPLICABLE_REFERENCE_STRAIN	NOT_APPLICABLE	UNKNOWN_REFERENCE_STRAIN	UNKNOWN	NA_ASSEMBLY_ONLY	UNKNOWN	G5_REFERENCE_PANEL	REFERENCE_LINEAGE_ANCHOR	data/reference/g7_panel/GCF_000021465.1.fna.gz	8cf605673df1ded2f4f2270968beb54a460c1f9485aae871ad8577ba82055522	https://ftp.ncbi.nlm.nih.gov/genomes/all/GCF/000/021/465/GCF_000021465.1_ASM2146v1/GCF_000021465.1_ASM2146v1_genomic.fna.gz	INCLUDED: diverse global reference strain used for G5 catalogue; lineage anchoring only, disease-blind
REF_B8	NA	NOT_APPLICABLE_REFERENCE_STRAIN	NA	GCF_000196755.1	NOT_APPLICABLE_REFERENCE_STRAIN	NOT_APPLICABLE	UNKNOWN_REFERENCE_STRAIN	UNKNOWN	NA_ASSEMBLY_ONLY	UNKNOWN	G5_REFERENCE_PANEL	REFERENCE_LINEAGE_ANCHOR	data/reference/g7_panel/GCF_000196755.1.fna.gz	56c2b33cb51fc3c34fdaf363b54a844135177b9f9b9abb91cadb115c3ad75024	https://ftp.ncbi.nlm.nih.gov/genomes/all/GCF/000/196/755/GCF_000196755.1_ASM19675v1/GCF_000196755.1_ASM19675v1_genomic.fna.gz	INCLUDED: diverse global reference strain used for G5 catalogue; lineage anchoring only, disease-blind
REF_Shi470	NA	NOT_APPLICABLE_REFERENCE_STRAIN	NA	GCF_000020245.1	NOT_APPLICABLE_REFERENCE_STRAIN	NOT_APPLICABLE	UNKNOWN_REFERENCE_STRAIN	UNKNOWN	NA_ASSEMBLY_ONLY	UNKNOWN	G5_REFERENCE_PANEL	REFERENCE_LINEAGE_ANCHOR	data/reference/g7_panel/GCF_000020245.1.fna.gz	b8ceec952946b3a0f4d0822be94f276d54919729dd615d44c7e443c8c4e173e6	https://ftp.ncbi.nlm.nih.gov/genomes/all/GCF/000/020/245/GCF_000020245.1_ASM2024v1/GCF_000020245.1_ASM2024v1_genomic.fna.gz	INCLUDED: diverse global reference strain used for G5 catalogue; lineage anchoring only, disease-blind
REF_India7	NA	NOT_APPLICABLE_REFERENCE_STRAIN	NA	GCF_000185185.1	NOT_APPLICABLE_REFERENCE_STRAIN	NOT_APPLICABLE	UNKNOWN_REFERENCE_STRAIN	UNKNOWN	NA_ASSEMBLY_ONLY	UNKNOWN	G5_REFERENCE_PANEL	REFERENCE_LINEAGE_ANCHOR	data/reference/g7_panel/GCF_000185185.1.fna.gz	62c9eaa2211caf0667008969dce26d93eb5feedc43e79ae491f276694c0521e3	https://ftp.ncbi.nlm.nih.gov/genomes/all/GCF/000/185/185/GCF_000185185.1_ASM18518v1/GCF_000185185.1_ASM18518v1_genomic.fna.gz	INCLUDED: diverse global reference strain used for G5 catalogue; lineage anchoring only, disease-blind
SAMN10919737	SAMN10919737	NA	PRJNA521871	GCA_011174935	UNKNOWN	BioSample.host_disease	Nicaragua	Managua	NA_ASSEMBLY_ONLY	UNKNOWN	PRJNA521871	UNKNOWN_DISEASE_CONTEXT_ASSEMBLY	data/reference/g7_prjna521871/GCA_011174935.1_ASM1117493v1.fna.gz	40cb328c4af3c417a6f1451249fefe44012fb03a4e5cb5313bdfe84628f5c474	https://www.ebi.ac.uk/ena/browser/view/GCA_011174935	INCLUDED as UNKNOWN-disease context (host_disease = 'Gastritis' without qualifier, not mapped to a Correa stage per G2 rules); structure-only, no disease label used
SAMN10919736	SAMN10919736	PRJNA521871|HEALF29488	PRJNA521871	GCA_011174945	AG	BioSample.host_disease	Nicaragua	Managua	NA_ASSEMBLY_ONLY	CORPUS	PRJNA521871	DISEASE_LABELED_CONTEXT_ASSEMBLY	data/reference/g7_prjna521871/GCA_011174945.1_ASM1117494v1.fna.gz	da1e9b838a9675f1d8ed8217d68313ca8f243bab034aba50001d4e56b0c11148	https://www.ebi.ac.uk/ena/browser/view/GCA_011174945	INCLUDED: disease-labelled (BioSample host_disease field, EXPLICIT for AG/IM), patient_uid CONFIRMED via host_subject_id, public assembly available; publication not found (REPOSITORY_ONLY) so disease label rests on the BioSample field alone, not a peer-reviewed sample-level table -- used for population-structure screening only, not primary disease inference
SAMN10919734	SAMN10919734	PRJNA521871|HEALF24767	PRJNA521871	GCA_011174975	IM	BioSample.host_disease	Nicaragua	Managua	NA_ASSEMBLY_ONLY	ANTRUM	PRJNA521871	DISEASE_LABELED_CONTEXT_ASSEMBLY	data/reference/g7_prjna521871/GCA_011174975.1_ASM1117497v1.fna.gz	cfbdff431196a07006e70deb5c4d0e14e54bb5d587d270a71f626a8fa2358700	https://www.ebi.ac.uk/ena/browser/view/GCA_011174975	INCLUDED: disease-labelled (BioSample host_disease field, EXPLICIT for AG/IM), patient_uid CONFIRMED via host_subject_id, public assembly available; publication not found (REPOSITORY_ONLY) so disease label rests on the BioSample field alone, not a peer-reviewed sample-level table -- used for population-structure screening only, not primary disease inference
SAMN10919735	SAMN10919735	PRJNA521871|HEALF28254	PRJNA521871	GCA_011174985	AG	BioSample.host_disease	Nicaragua	Managua	NA_ASSEMBLY_ONLY	ANTRUM	PRJNA521871	DISEASE_LABELED_CONTEXT_ASSEMBLY	data/reference/g7_prjna521871/GCA_011174985.1_ASM1117498v1.fna.gz	6f6708b68f67d18d5e26ff50f4fa4a177109ac93837fcddf93fe43b591295290	https://www.ebi.ac.uk/ena/browser/view/GCA_011174985	INCLUDED: disease-labelled (BioSample host_disease field, EXPLICIT for AG/IM), patient_uid CONFIRMED via host_subject_id, public assembly available; publication not found (REPOSITORY_ONLY) so disease label rests on the BioSample field alone, not a peer-reviewed sample-level table -- used for population-structure screening only, not primary disease inference
SAMN10919733	SAMN10919733	PRJNA521871|HEALF24003	PRJNA521871	GCA_011175015	IM	BioSample.host_disease	Nicaragua	Managua	NA_ASSEMBLY_ONLY	CORPUS	PRJNA521871	DISEASE_LABELED_CONTEXT_ASSEMBLY	data/reference/g7_prjna521871/GCA_011175015.1_ASM1117501v1.fna.gz	c3f4264d49409f6c934be0e6588f113cc56b2a45a09a3bdbd8ec737117b53fa9	https://www.ebi.ac.uk/ena/browser/view/GCA_011175015	INCLUDED: disease-labelled (BioSample host_disease field, EXPLICIT for AG/IM), patient_uid CONFIRMED via host_subject_id, public assembly available; publication not found (REPOSITORY_ONLY) so disease label rests on the BioSample field alone, not a peer-reviewed sample-level table -- used for population-structure screening only, not primary disease inference
SAMN10919731	SAMN10919731	PRJNA521871|HEALF20720	PRJNA521871	GCA_011175035	IM	BioSample.host_disease	Nicaragua	Managua	NA_ASSEMBLY_ONLY	ANTRUM	PRJNA521871	DISEASE_LABELED_CONTEXT_ASSEMBLY	data/reference/g7_prjna521871/GCA_011175035.1_ASM1117503v1.fna.gz	dfa58cc3116c5d794ba56204cd0e01da49297dbe8884d4ff3104b0e1d43dc805	https://www.ebi.ac.uk/ena/browser/view/GCA_011175035	INCLUDED: disease-labelled (BioSample host_disease field, EXPLICIT for AG/IM), patient_uid CONFIRMED via host_subject_id, public assembly available; publication not found (REPOSITORY_ONLY) so disease label rests on the BioSample field alone, not a peer-reviewed sample-level table -- used for population-structure screening only, not primary disease inference
SAMN10919732	SAMN10919732	PRJNA521871|HEALF23617	PRJNA521871	GCA_011175045	AG	BioSample.host_disease	Nicaragua	Managua	NA_ASSEMBLY_ONLY	CORPUS	PRJNA521871	DISEASE_LABELED_CONTEXT_ASSEMBLY	data/reference/g7_prjna521871/GCA_011175045.1_ASM1117504v1.fna.gz	0463d133caf6b837d1b5f4d5d2b8adeffa37ec037fed4c8dc5890733f5ecd780	https://www.ebi.ac.uk/ena/browser/view/GCA_011175045	INCLUDED: disease-labelled (BioSample host_disease field, EXPLICIT for AG/IM), patient_uid CONFIRMED via host_subject_id, public assembly available; publication not found (REPOSITORY_ONLY) so disease label rests on the BioSample field alone, not a peer-reviewed sample-level table -- used for population-structure screening only, not primary disease inference
SAMN10919729	SAMN10919729	PRJNA521871|HEALF19603	PRJNA521871	GCA_011175075	AG	BioSample.host_disease	Nicaragua	Managua	NA_ASSEMBLY_ONLY	ANTRUM	PRJNA521871	DISEASE_LABELED_CONTEXT_ASSEMBLY	data/reference/g7_prjna521871/GCA_011175075.1_ASM1117507v1.fna.gz	3c06f4e1d5686d0afd4caa3b776b07d72b84e57f18ddf5ec4ae88f684e282e08	https://www.ebi.ac.uk/ena/browser/view/GCA_011175075	INCLUDED: disease-labelled (BioSample host_disease field, EXPLICIT for AG/IM), patient_uid CONFIRMED via host_subject_id, public assembly available; publication not found (REPOSITORY_ONLY) so disease label rests on the BioSample field alone, not a peer-reviewed sample-level table -- used for population-structure screening only, not primary disease inference
SAMN10919730	SAMN10919730	PRJNA521871|HEALF20306	PRJNA521871	GCA_011175085	IM	BioSample.host_disease	Nicaragua	Managua	NA_ASSEMBLY_ONLY	ANTRUM	PRJNA521871	DISEASE_LABELED_CONTEXT_ASSEMBLY	data/reference/g7_prjna521871/GCA_011175085.1_ASM1117508v1.fna.gz	cf3cb02ead5587fdfa6fc88f9325aa668aa5840350755caa97779161e206c39c	https://www.ebi.ac.uk/ena/browser/view/GCA_011175085	INCLUDED: disease-labelled (BioSample host_disease field, EXPLICIT for AG/IM), patient_uid CONFIRMED via host_subject_id, public assembly available; publication not found (REPOSITORY_ONLY) so disease label rests on the BioSample field alone, not a peer-reviewed sample-level table -- used for population-structure screening only, not primary disease inference
SAMN10919728	SAMN10919728	PRJNA521871|HEALF18962	PRJNA521871	GCA_011175115	IM	BioSample.host_disease	Nicaragua	Managua	NA_ASSEMBLY_ONLY	GASTRIC_UNSPECIFIED	PRJNA521871	DISEASE_LABELED_CONTEXT_ASSEMBLY	data/reference/g7_prjna521871/GCA_011175115.1_ASM1117511v1.fna.gz	8ba190ef0434aa5f3a8720655f84fe81914035c51e764301dbf388c10ef6e2f4	https://www.ebi.ac.uk/ena/browser/view/GCA_011175115	INCLUDED: disease-labelled (BioSample host_disease field, EXPLICIT for AG/IM), patient_uid CONFIRMED via host_subject_id, public assembly available; publication not found (REPOSITORY_ONLY) so disease label rests on the BioSample field alone, not a peer-reviewed sample-level table -- used for population-structure screening only, not primary disease inference
SAMN10919727	SAMN10919727	NA	PRJNA521871	GCA_011175135	UNKNOWN	BioSample.host_disease	Nicaragua	Managua	NA_ASSEMBLY_ONLY	UNKNOWN	PRJNA521871	UNKNOWN_DISEASE_CONTEXT_ASSEMBLY	data/reference/g7_prjna521871/GCA_011175135.1_ASM1117513v1.fna.gz	d5c6171d2ac2b1c698af86c820248c7dfe874fa5d3e68cff91215506de423f36	https://www.ebi.ac.uk/ena/browser/view/GCA_011175135	INCLUDED as UNKNOWN-disease context (host_disease = 'Gastritis' without qualifier, not mapped to a Correa stage per G2 rules); structure-only, no disease label used
SAMN10919726	SAMN10919726	PRJNA521871|HEALF15873	PRJNA521871	GCA_011175145	AG	BioSample.host_disease	Nicaragua	Managua	NA_ASSEMBLY_ONLY	CORPUS	PRJNA521871	DISEASE_LABELED_CONTEXT_ASSEMBLY	data/reference/g7_prjna521871/GCA_011175145.1_ASM1117514v1.fna.gz	742a5e9b2e01bd5c4c90bb66aea228f799f1c0d5285405539f2bcd8ee32239e4	https://www.ebi.ac.uk/ena/browser/view/GCA_011175145	INCLUDED: disease-labelled (BioSample host_disease field, EXPLICIT for AG/IM), patient_uid CONFIRMED via host_subject_id, public assembly available; publication not found (REPOSITORY_ONLY) so disease label rests on the BioSample field alone, not a peer-reviewed sample-level table -- used for population-structure screening only, not primary disease inference
SAMN10919725	SAMN10919725	NA	PRJNA521871	GCA_011175175	UNKNOWN	BioSample.host_disease	Nicaragua	Managua	NA_ASSEMBLY_ONLY	UNKNOWN	PRJNA521871	UNKNOWN_DISEASE_CONTEXT_ASSEMBLY	data/reference/g7_prjna521871/GCA_011175175.1_ASM1117517v1.fna.gz	c0e8009582b6a03e6fedbf56b75e128777b80c5c9dafc8d7de484816371fece5	https://www.ebi.ac.uk/ena/browser/view/GCA_011175175	INCLUDED as UNKNOWN-disease context (host_disease = 'Gastritis' without qualifier, not mapped to a Correa stage per G2 rules); structure-only, no disease label used
SAMN10919724	SAMN10919724	PRJNA521871|HEALF13542	PRJNA521871	GCA_011175195	IM	BioSample.host_disease	Nicaragua	Managua	NA_ASSEMBLY_ONLY	ANTRUM	PRJNA521871	DISEASE_LABELED_CONTEXT_ASSEMBLY	data/reference/g7_prjna521871/GCA_011175195.1_ASM1117519v1.fna.gz	c2c408348551989f3766ca0db5fd8b36cfe7f87e13c29ef60ab7ad7ec5b808d9	https://www.ebi.ac.uk/ena/browser/view/GCA_011175195	INCLUDED: disease-labelled (BioSample host_disease field, EXPLICIT for AG/IM), patient_uid CONFIRMED via host_subject_id, public assembly available; publication not found (REPOSITORY_ONLY) so disease label rests on the BioSample field alone, not a peer-reviewed sample-level table -- used for population-structure screening only, not primary disease inference
SAMN10919723	SAMN10919723	PRJNA521871|HEALF09553	PRJNA521871	GCA_011175215	AG	BioSample.host_disease	Nicaragua	Managua	NA_ASSEMBLY_ONLY	ANTRUM	PRJNA521871	DISEASE_LABELED_CONTEXT_ASSEMBLY	data/reference/g7_prjna521871/GCA_011175215.1_ASM1117521v1.fna.gz	fdd954e9f015f817b2b0e7f99408410f4d65d4ac65714ef27e68108a391c0a7b	https://www.ebi.ac.uk/ena/browser/view/GCA_011175215	INCLUDED: disease-labelled (BioSample host_disease field, EXPLICIT for AG/IM), patient_uid CONFIRMED via host_subject_id, public assembly available; publication not found (REPOSITORY_ONLY) so disease label rests on the BioSample field alone, not a peer-reviewed sample-level table -- used for population-structure screening only, not primary disease inference
SAMN10919722	SAMN10919722	NA	PRJNA521871	GCA_011175225	UNKNOWN	BioSample.host_disease	Nicaragua	Managua	NA_ASSEMBLY_ONLY	UNKNOWN	PRJNA521871	UNKNOWN_DISEASE_CONTEXT_ASSEMBLY	data/reference/g7_prjna521871/GCA_011175225.1_ASM1117522v1.fna.gz	795f9ce015cf408d6951cfa66300b0fc0e59a8fb14359927ab246d7002d5466f	https://www.ebi.ac.uk/ena/browser/view/GCA_011175225	INCLUDED as UNKNOWN-disease context (host_disease = 'Gastritis' without qualifier, not mapped to a Correa stage per G2 rules); structure-only, no disease label used
SAMN10919721	SAMN10919721	NA	PRJNA521871	GCA_011175235	UNKNOWN	BioSample.host_disease	Nicaragua	Managua	NA_ASSEMBLY_ONLY	UNKNOWN	PRJNA521871	UNKNOWN_DISEASE_CONTEXT_ASSEMBLY	data/reference/g7_prjna521871/GCA_011175235.1_ASM1117523v1.fna.gz	5b307e080c9db3e1b9548e702925add0c649197b67332b493707690c9830a04c	https://www.ebi.ac.uk/ena/browser/view/GCA_011175235	INCLUDED as UNKNOWN-disease context (host_disease = 'Gastritis' without qualifier, not mapped to a Correa stage per G2 rules); structure-only, no disease label used
SAMN10919720	SAMN10919720	PRJNA521871|HEALF06710	PRJNA521871	GCA_011175275	AG	BioSample.host_disease	Nicaragua	Managua	NA_ASSEMBLY_ONLY	ANTRUM	PRJNA521871	DISEASE_LABELED_CONTEXT_ASSEMBLY	data/reference/g7_prjna521871/GCA_011175275.1_ASM1117527v1.fna.gz	9ad0cff2b1926fe77e22e730d1f96849cacfc469b169acc2299534d1e946b312	https://www.ebi.ac.uk/ena/browser/view/GCA_011175275	INCLUDED: disease-labelled (BioSample host_disease field, EXPLICIT for AG/IM), patient_uid CONFIRMED via host_subject_id, public assembly available; publication not found (REPOSITORY_ONLY) so disease label rests on the BioSample field alone, not a peer-reviewed sample-level table -- used for population-structure screening only, not primary disease inference
SAMN10919719	SAMN10919719	PRJNA521871|HEALF06627	PRJNA521871	GCA_011175295	AG	BioSample.host_disease	Nicaragua	Managua	NA_ASSEMBLY_ONLY	ANTRUM	PRJNA521871	DISEASE_LABELED_CONTEXT_ASSEMBLY	data/reference/g7_prjna521871/GCA_011175295.1_ASM1117529v1.fna.gz	73ab45252272eb457996c2ae40a69019be1bb6067276d14f2e77f6747e144e5e	https://www.ebi.ac.uk/ena/browser/view/GCA_011175295	INCLUDED: disease-labelled (BioSample host_disease field, EXPLICIT for AG/IM), patient_uid CONFIRMED via host_subject_id, public assembly available; publication not found (REPOSITORY_ONLY) so disease label rests on the BioSample field alone, not a peer-reviewed sample-level table -- used for population-structure screening only, not primary disease inference
SAMN10919718	SAMN10919718	PRJNA521871|HEALF03953	PRJNA521871	GCA_011175315	AG	BioSample.host_disease	Nicaragua	Managua	NA_ASSEMBLY_ONLY	ANTRUM	PRJNA521871	DISEASE_LABELED_CONTEXT_ASSEMBLY	data/reference/g7_prjna521871/GCA_011175315.1_ASM1117531v1.fna.gz	013f4f201670ce7a8bd24a1f283f11971718e03be90642a80441fd61639269fb	https://www.ebi.ac.uk/ena/browser/view/GCA_011175315	INCLUDED: disease-labelled (BioSample host_disease field, EXPLICIT for AG/IM), patient_uid CONFIRMED via host_subject_id, public assembly available; publication not found (REPOSITORY_ONLY) so disease label rests on the BioSample field alone, not a peer-reviewed sample-level table -- used for population-structure screening only, not primary disease inference
SAMN10919717	SAMN10919717	PRJNA521871|HEALF03421	PRJNA521871	GCA_011175325	IM	BioSample.host_disease	Nicaragua	Managua	NA_ASSEMBLY_ONLY	ANTRUM	PRJNA521871	DISEASE_LABELED_CONTEXT_ASSEMBLY	data/reference/g7_prjna521871/GCA_011175325.1_ASM1117532v1.fna.gz	a08d41b581da2468b0d1b37d4076c80bb74932e93e743d994f327d0717177e0e	https://www.ebi.ac.uk/ena/browser/view/GCA_011175325	INCLUDED: disease-labelled (BioSample host_disease field, EXPLICIT for AG/IM), patient_uid CONFIRMED via host_subject_id, public assembly available; publication not found (REPOSITORY_ONLY) so disease label rests on the BioSample field alone, not a peer-reviewed sample-level table -- used for population-structure screening only, not primary disease inference
SAMN10919716	SAMN10919716	PRJNA521871|HEALF02131	PRJNA521871	GCA_011175335	IM	BioSample.host_disease	Nicaragua	Managua	NA_ASSEMBLY_ONLY	ANTRUM	PRJNA521871	DISEASE_LABELED_CONTEXT_ASSEMBLY	data/reference/g7_prjna521871/GCA_011175335.1_ASM1117533v1.fna.gz	74eab2513e269fe66254027d9a36d392165c90d1274aa60359911cce845d4890	https://www.ebi.ac.uk/ena/browser/view/GCA_011175335	INCLUDED: disease-labelled (BioSample host_disease field, EXPLICIT for AG/IM), patient_uid CONFIRMED via host_subject_id, public assembly available; publication not found (REPOSITORY_ONLY) so disease label rests on the BioSample field alone, not a peer-reviewed sample-level table -- used for population-structure screening only, not primary disease inference
SAMN10919715	SAMN10919715	PRJNA521871|HEALF02105	PRJNA521871	GCA_011175375	IM	BioSample.host_disease	Nicaragua	Managua	NA_ASSEMBLY_ONLY	ANTRUM	PRJNA521871	DISEASE_LABELED_CONTEXT_ASSEMBLY	data/reference/g7_prjna521871/GCA_011175375.1_ASM1117537v1.fna.gz	bcd81efec68ac2b3eb2ae6239d938ee68b6b466f83ab8319a8558d54edacdb5e	https://www.ebi.ac.uk/ena/browser/view/GCA_011175375	INCLUDED: disease-labelled (BioSample host_disease field, EXPLICIT for AG/IM), patient_uid CONFIRMED via host_subject_id, public assembly available; publication not found (REPOSITORY_ONLY) so disease label rests on the BioSample field alone, not a peer-reviewed sample-level table -- used for population-structure screening only, not primary disease inference
SAMN10919714	SAMN10919714	PRJNA521871|FMAP	PRJNA521871	GCA_011175395	IM	BioSample.host_disease	Nicaragua	Managua	NA_ASSEMBLY_ONLY	GASTRIC_UNSPECIFIED	PRJNA521871	DISEASE_LABELED_CONTEXT_ASSEMBLY	data/reference/g7_prjna521871/GCA_011175395.1_ASM1117539v1.fna.gz	a89f1422b6fb27dd837172f3ca562025ddd5cee15bb6d56424ee819dfab098c2	https://www.ebi.ac.uk/ena/browser/view/GCA_011175395	INCLUDED: disease-labelled (BioSample host_disease field, EXPLICIT for AG/IM), patient_uid CONFIRMED via host_subject_id, public assembly available; publication not found (REPOSITORY_ONLY) so disease label rests on the BioSample field alone, not a peer-reviewed sample-level table -- used for population-structure screening only, not primary disease inference
