bioproject	biosample	run_accession	cohort_role	disease_harmonized	patient_unit_or_basis	library_layout	instrument	fastq_url_1	fastq_url_2	fastq_url_unpaired	expected_bytes	expected_bytes_1	expected_bytes_2	expected_bytes_unpaired	expected_md5_1	expected_md5_2	expected_md5_unpaired	ena_read_count	ena_base_count	local_path_1	local_path_2	local_path_unpaired	download_status	checksum_status	actual_bytes
PRJNA1103397	SAMN41067854	SRR28961344	DISEASE_PILOT	GC	EXPLICIT_PUBLICATION_STATEMENT_ONE_SELECTED_ISOLATE_PER_PATIENT (PMID 40197242; no patient_uid invented)	SINGLE	Illumina NovaSeq 6000	https://ftp.sra.ebi.ac.uk/vol1/fastq/SRR289/044/SRR28961344/SRR28961344.fastq.gz	NA	NA	168025330	168025330	NA	NA	a3f84133c1d1e0ae10c1f7f3fb3f6e61	NA	NA	3282450	492367500	data/raw/g4_phase1/PRJNA1103397/SRR28961344/SRR28961344.fastq.gz	NA	NA	DOWNLOADED	PASS	168025330
PRJNA1103397	SAMN41067852	SRR28961346	DISEASE_PILOT	GC	EXPLICIT_PUBLICATION_STATEMENT_ONE_SELECTED_ISOLATE_PER_PATIENT (PMID 40197242; no patient_uid invented)	SINGLE	Illumina NovaSeq 6000	https://ftp.sra.ebi.ac.uk/vol1/fastq/SRR289/046/SRR28961346/SRR28961346.fastq.gz	NA	NA	154573297	154573297	NA	NA	3bd23cdc7966c282fc55a7f51de1c5da	NA	NA	3007574	451136100	data/raw/g4_phase1/PRJNA1103397/SRR28961346/SRR28961346.fastq.gz	NA	NA	DOWNLOADED	PASS	154573297
PRJNA1103397	SAMN41067851	SRR28961349	DISEASE_PILOT	GC	EXPLICIT_PUBLICATION_STATEMENT_ONE_SELECTED_ISOLATE_PER_PATIENT (PMID 40197242; no patient_uid invented)	SINGLE	Illumina NovaSeq 6000	https://ftp.sra.ebi.ac.uk/vol1/fastq/SRR289/049/SRR28961349/SRR28961349.fastq.gz	NA	NA	214532333	214532333	NA	NA	cbdb0b35100bc18a2c6ac59ea798897c	NA	NA	4005889	600883350	data/raw/g4_phase1/PRJNA1103397/SRR28961349/SRR28961349.fastq.gz	NA	NA	DOWNLOADED	PASS	214532333
PRJNA1103397	SAMN41067850	SRR28961350	DISEASE_PILOT	GC	EXPLICIT_PUBLICATION_STATEMENT_ONE_SELECTED_ISOLATE_PER_PATIENT (PMID 40197242; no patient_uid invented)	SINGLE	Illumina NovaSeq 6000	https://ftp.sra.ebi.ac.uk/vol1/fastq/SRR289/050/SRR28961350/SRR28961350.fastq.gz	NA	NA	238700433	238700433	NA	NA	f6e5707d8318e53938bf45c8acec531b	NA	NA	4371859	660150709	data/raw/g4_phase1/PRJNA1103397/SRR28961350/SRR28961350.fastq.gz	NA	NA	DOWNLOADED	PASS	238700433
PRJNA1103397	SAMN41067853	SRR28961345	DISEASE_PILOT	GC	EXPLICIT_PUBLICATION_STATEMENT_ONE_SELECTED_ISOLATE_PER_PATIENT (PMID 40197242; no patient_uid invented)	SINGLE	Illumina NovaSeq 6000	https://ftp.sra.ebi.ac.uk/vol1/fastq/SRR289/045/SRR28961345/SRR28961345.fastq.gz	NA	NA	178827108	178827108	NA	NA	fc60df64d67bb6645cd8b2898c26ff64	NA	NA	3368091	505213650	data/raw/g4_phase1/PRJNA1103397/SRR28961345/SRR28961345.fastq.gz	NA	NA	DOWNLOADED	PASS	178827108
PRJNA1103397	SAMN41067855	SRR28961343	DISEASE_PILOT	GC	EXPLICIT_PUBLICATION_STATEMENT_ONE_SELECTED_ISOLATE_PER_PATIENT (PMID 40197242; no patient_uid invented)	SINGLE	Illumina NovaSeq 6000	https://ftp.sra.ebi.ac.uk/vol1/fastq/SRR289/043/SRR28961343/SRR28961343.fastq.gz	NA	NA	181286431	181286431	NA	NA	f6ab0d530825b6f9ed29b7312d1d6dab	NA	NA	3390695	508604250	data/raw/g4_phase1/PRJNA1103397/SRR28961343/SRR28961343.fastq.gz	NA	NA	DOWNLOADED	PASS	181286431
PRJNA360417	SAMN06246757	SRR5298520	DISEASE_PILOT	NAG	PRJNA360417|PZ5005	PAIRED	Illumina MiSeq	https://ftp.sra.ebi.ac.uk/vol1/fastq/SRR529/000/SRR5298520/SRR5298520_1.fastq.gz	https://ftp.sra.ebi.ac.uk/vol1/fastq/SRR529/000/SRR5298520/SRR5298520_2.fastq.gz	https://ftp.sra.ebi.ac.uk/vol1/fastq/SRR529/000/SRR5298520/SRR5298520.fastq.gz	37600031	15933796	20475234	1191001	281867a8c88f62d2120666e0ef317183	b81201af241d5bcbbb5c8613e144258d	86e7e7b1ab8fe1c444ae4493caa00591	185636	90039041	data/raw/g4_phase1/PRJNA360417/SRR5298520/SRR5298520_1.fastq.gz	data/raw/g4_phase1/PRJNA360417/SRR5298520/SRR5298520_2.fastq.gz	data/raw/g4_phase1/PRJNA360417/SRR5298520/SRR5298520.fastq.gz	DOWNLOADED	PASS	37600031
PRJNA360417	SAMN06210232	SRR5298532	DISEASE_PILOT	NAG	PRJNA360417|PZ5009	PAIRED	Illumina MiSeq	https://ftp.sra.ebi.ac.uk/vol1/fastq/SRR529/002/SRR5298532/SRR5298532_1.fastq.gz	https://ftp.sra.ebi.ac.uk/vol1/fastq/SRR529/002/SRR5298532/SRR5298532_2.fastq.gz	https://ftp.sra.ebi.ac.uk/vol1/fastq/SRR529/002/SRR5298532/SRR5298532.fastq.gz	58250524	24174278	32273706	1802540	38c9002759b7d4162cd05c0ba49310e7	77821558bd0dd4e4551f13b4994cdeaf	c69c6cc948a8820d1c34a9b54621da68	294392	143945079	data/raw/g4_phase1/PRJNA360417/SRR5298532/SRR5298532_1.fastq.gz	data/raw/g4_phase1/PRJNA360417/SRR5298532/SRR5298532_2.fastq.gz	data/raw/g4_phase1/PRJNA360417/SRR5298532/SRR5298532.fastq.gz	DOWNLOADED	PASS	58250524
PRJNA360417	SAMN06246899	SRR5298523	DISEASE_PILOT	IM	PRJNA360417|PZ5019	PAIRED	Illumina MiSeq	https://ftp.sra.ebi.ac.uk/vol1/fastq/SRR529/003/SRR5298523/SRR5298523_1.fastq.gz	https://ftp.sra.ebi.ac.uk/vol1/fastq/SRR529/003/SRR5298523/SRR5298523_2.fastq.gz	https://ftp.sra.ebi.ac.uk/vol1/fastq/SRR529/003/SRR5298523/SRR5298523.fastq.gz	26286589	11095374	14578739	612476	c5f80910b64135e160e0b7e8b316f9da	13c27278622429e814c3904881aa244b	e6a831a9b41d0cf90210e2d1c94d501f	123342	60260830	data/raw/g4_phase1/PRJNA360417/SRR5298523/SRR5298523_1.fastq.gz	data/raw/g4_phase1/PRJNA360417/SRR5298523/SRR5298523_2.fastq.gz	data/raw/g4_phase1/PRJNA360417/SRR5298523/SRR5298523.fastq.gz	DOWNLOADED	PASS	26286589
PRJNA360417	SAMN06250661	SRR5298524	DISEASE_PILOT	IM	PRJNA360417|PZ5033	PAIRED	Illumina MiSeq	https://ftp.sra.ebi.ac.uk/vol1/fastq/SRR529/004/SRR5298524/SRR5298524_1.fastq.gz	https://ftp.sra.ebi.ac.uk/vol1/fastq/SRR529/004/SRR5298524/SRR5298524_2.fastq.gz	https://ftp.sra.ebi.ac.uk/vol1/fastq/SRR529/004/SRR5298524/SRR5298524.fastq.gz	72906194	31696588	39124204	2085402	f103cb038aaef87ad0201477d7ec4146	3e2f0c3d57f39b8a41b5db4839ac8234	12cf8ae47e6c2e2f98c70cb972c071fc	398733	193441041	data/raw/g4_phase1/PRJNA360417/SRR5298524/SRR5298524_1.fastq.gz	data/raw/g4_phase1/PRJNA360417/SRR5298524/SRR5298524_2.fastq.gz	data/raw/g4_phase1/PRJNA360417/SRR5298524/SRR5298524.fastq.gz	DOWNLOADED	PASS	72906194
PRJNA360417	SAMN06246878	SRR5298522	DISEASE_PILOT	AG	PRJNA360417|PZ5016	PAIRED	Illumina MiSeq	https://ftp.sra.ebi.ac.uk/vol1/fastq/SRR529/002/SRR5298522/SRR5298522_1.fastq.gz	https://ftp.sra.ebi.ac.uk/vol1/fastq/SRR529/002/SRR5298522/SRR5298522_2.fastq.gz	https://ftp.sra.ebi.ac.uk/vol1/fastq/SRR529/002/SRR5298522/SRR5298522.fastq.gz	23163669	9598452	12448833	1116384	5e6120c66d0055df5e5403a926885559	ff1a73df3a10f764fe920ecbe3f32a5d	dd36037ee6602d57b357d1c11a1bd4cf	110176	51962456	data/raw/g4_phase1/PRJNA360417/SRR5298522/SRR5298522_1.fastq.gz	data/raw/g4_phase1/PRJNA360417/SRR5298522/SRR5298522_2.fastq.gz	data/raw/g4_phase1/PRJNA360417/SRR5298522/SRR5298522.fastq.gz	DOWNLOADED	PASS	23163669
PRJNA360417	SAMN06250733	SRR5298526	DISEASE_PILOT	NAG	PRJNA360417|SV340	PAIRED	Illumina MiSeq	https://ftp.sra.ebi.ac.uk/vol1/fastq/SRR529/006/SRR5298526/SRR5298526_1.fastq.gz	https://ftp.sra.ebi.ac.uk/vol1/fastq/SRR529/006/SRR5298526/SRR5298526_2.fastq.gz	https://ftp.sra.ebi.ac.uk/vol1/fastq/SRR529/006/SRR5298526/SRR5298526.fastq.gz	30197917	12432535	17078696	686686	73efb6b88633d3bf14b2c655236de681	5aed726a8ff6641ae3715acce769c8e0	55b5cfa44a6d8bb4f52069aa1a89d3c5	117195	57283454	data/raw/g4_phase1/PRJNA360417/SRR5298526/SRR5298526_1.fastq.gz	data/raw/g4_phase1/PRJNA360417/SRR5298526/SRR5298526_2.fastq.gz	data/raw/g4_phase1/PRJNA360417/SRR5298526/SRR5298526.fastq.gz	DOWNLOADED	PASS	30197917
PRJNA360417	SAMN06250976	SRR5298527	DISEASE_PILOT	IM	PRJNA360417|SV355	PAIRED	Illumina MiSeq	https://ftp.sra.ebi.ac.uk/vol1/fastq/SRR529/007/SRR5298527/SRR5298527_1.fastq.gz	https://ftp.sra.ebi.ac.uk/vol1/fastq/SRR529/007/SRR5298527/SRR5298527_2.fastq.gz	https://ftp.sra.ebi.ac.uk/vol1/fastq/SRR529/007/SRR5298527/SRR5298527.fastq.gz	30512172	12522914	17374912	614346	7c37133ef487608ac906c1cbe21e1f15	6c515e5b67c0a0bfc4620a9651c94dc0	7a7d263bacc7df78fe01959c25be9d15	117972	57806591	data/raw/g4_phase1/PRJNA360417/SRR5298527/SRR5298527_1.fastq.gz	data/raw/g4_phase1/PRJNA360417/SRR5298527/SRR5298527_2.fastq.gz	data/raw/g4_phase1/PRJNA360417/SRR5298527/SRR5298527.fastq.gz	DOWNLOADED	PASS	30512172
PRJNA360417	SAMN06251160	SRR5298529	DISEASE_PILOT	NAG	PRJNA360417|SV397	PAIRED	Illumina MiSeq	https://ftp.sra.ebi.ac.uk/vol1/fastq/SRR529/009/SRR5298529/SRR5298529_1.fastq.gz	https://ftp.sra.ebi.ac.uk/vol1/fastq/SRR529/009/SRR5298529/SRR5298529_2.fastq.gz	https://ftp.sra.ebi.ac.uk/vol1/fastq/SRR529/009/SRR5298529/SRR5298529.fastq.gz	29366590	11973165	16745560	647865	f67692d90a22f0ccf1a6dfc3e0a2812f	93d0327c9308cbe52f3d7ae13259feaf	6c46feea5f15f8d93dc2074881fc5b2f	113107	55731287	data/raw/g4_phase1/PRJNA360417/SRR5298529/SRR5298529_1.fastq.gz	data/raw/g4_phase1/PRJNA360417/SRR5298529/SRR5298529_2.fastq.gz	data/raw/g4_phase1/PRJNA360417/SRR5298529/SRR5298529.fastq.gz	DOWNLOADED	PASS	29366590
PRJNA360417	SAMN06251163	SRR5298530	DISEASE_PILOT	IM	PRJNA360417|SV449	PAIRED	Illumina MiSeq	https://ftp.sra.ebi.ac.uk/vol1/fastq/SRR529/000/SRR5298530/SRR5298530_1.fastq.gz	https://ftp.sra.ebi.ac.uk/vol1/fastq/SRR529/000/SRR5298530/SRR5298530_2.fastq.gz	https://ftp.sra.ebi.ac.uk/vol1/fastq/SRR529/000/SRR5298530/SRR5298530.fastq.gz	26299059	10720229	14966433	612397	3cfdb0b5592b2114817a3f0ca5f06959	6e3bcaa2344d1a7d34290ed39d34a1fc	3314ee054696f8337495c7bfe14d4d9b	101317	49157857	data/raw/g4_phase1/PRJNA360417/SRR5298530/SRR5298530_1.fastq.gz	data/raw/g4_phase1/PRJNA360417/SRR5298530/SRR5298530_2.fastq.gz	data/raw/g4_phase1/PRJNA360417/SRR5298530/SRR5298530.fastq.gz	DOWNLOADED	PASS	26299059
PRJNA360417	SAMN06251192	SRR5298531	DISEASE_PILOT	IM	PRJNA360417|SV380	PAIRED	Illumina MiSeq	https://ftp.sra.ebi.ac.uk/vol1/fastq/SRR529/001/SRR5298531/SRR5298531_1.fastq.gz	https://ftp.sra.ebi.ac.uk/vol1/fastq/SRR529/001/SRR5298531/SRR5298531_2.fastq.gz	https://ftp.sra.ebi.ac.uk/vol1/fastq/SRR529/001/SRR5298531/SRR5298531.fastq.gz	30047107	12346924	16989432	710751	4f728e25323bfa279dcc76d767b610a8	9c14fda9193aafae568258e2ca6600d8	9188932c0ce56dfc87d745ebd8dcdecc	117386	57315666	data/raw/g4_phase1/PRJNA360417/SRR5298531/SRR5298531_1.fastq.gz	data/raw/g4_phase1/PRJNA360417/SRR5298531/SRR5298531_2.fastq.gz	data/raw/g4_phase1/PRJNA360417/SRR5298531/SRR5298531.fastq.gz	DOWNLOADED	PASS	30047107
PRJNA360417	SAMN06246771	SRR5298521	DISEASE_PILOT	NAG	PRJNA360417|PZ5006	PAIRED	Illumina MiSeq	https://ftp.sra.ebi.ac.uk/vol1/fastq/SRR529/001/SRR5298521/SRR5298521_1.fastq.gz	https://ftp.sra.ebi.ac.uk/vol1/fastq/SRR529/001/SRR5298521/SRR5298521_2.fastq.gz	NA	64564980	30106186	34458794	NA	4e0b2ba713d9fe66d04c62e58a46314a	ede97982c9a14e4a816d37acc8bd09c3	NA	186826	93714305	data/raw/g4_phase1/PRJNA360417/SRR5298521/SRR5298521_1.fastq.gz	data/raw/g4_phase1/PRJNA360417/SRR5298521/SRR5298521_2.fastq.gz	NA	DOWNLOADED	PASS	64564980
PRJNA360417	SAMN06250692	SRR5298525	DISEASE_PILOT	DYS	PRJNA360417|SV328	PAIRED	Illumina MiSeq	https://ftp.sra.ebi.ac.uk/vol1/fastq/SRR529/005/SRR5298525/SRR5298525_1.fastq.gz	https://ftp.sra.ebi.ac.uk/vol1/fastq/SRR529/005/SRR5298525/SRR5298525_2.fastq.gz	https://ftp.sra.ebi.ac.uk/vol1/fastq/SRR529/005/SRR5298525/SRR5298525.fastq.gz	28262836	11361790	16267199	633847	a55470fc13c48d0b4924c66d3ac86e61	3213bf3bd1438a4a867683cf69e76458	cac96db46c5a265c840ea83f8bcb9aae	106476	52044495	data/raw/g4_phase1/PRJNA360417/SRR5298525/SRR5298525_1.fastq.gz	data/raw/g4_phase1/PRJNA360417/SRR5298525/SRR5298525_2.fastq.gz	data/raw/g4_phase1/PRJNA360417/SRR5298525/SRR5298525.fastq.gz	DOWNLOADED	PASS	28262836
PRJNA360417	SAMN06251087	SRR5298528	DISEASE_PILOT	IM	PRJNA360417|SV376	PAIRED	Illumina MiSeq	https://ftp.sra.ebi.ac.uk/vol1/fastq/SRR529/008/SRR5298528/SRR5298528_1.fastq.gz	https://ftp.sra.ebi.ac.uk/vol1/fastq/SRR529/008/SRR5298528/SRR5298528_2.fastq.gz	https://ftp.sra.ebi.ac.uk/vol1/fastq/SRR529/008/SRR5298528/SRR5298528.fastq.gz	24947850	9624312	12753412	2570126	679f406fccc69a05f679e4bca87f1e0c	9c2d681482dd72dd7440980ffbea0e00	bb5e274353c174558a19c38dce21dd17	104288	44047436	data/raw/g4_phase1/PRJNA360417/SRR5298528/SRR5298528_1.fastq.gz	data/raw/g4_phase1/PRJNA360417/SRR5298528/SRR5298528_2.fastq.gz	data/raw/g4_phase1/PRJNA360417/SRR5298528/SRR5298528.fastq.gz	DOWNLOADED	PASS	24947850
PRJNA622860	SAMN14531021	SRR11474127	WITHIN_HOST_VALIDATION	UNKNOWN	SINGLE_HOST_SOURCE_STATED (no BioSample patient code)	PAIRED	Illumina MiSeq	https://ftp.sra.ebi.ac.uk/vol1/fastq/SRR114/027/SRR11474127/SRR11474127_1.fastq.gz	https://ftp.sra.ebi.ac.uk/vol1/fastq/SRR114/027/SRR11474127/SRR11474127_2.fastq.gz	NA	223307627	100293423	123014204	NA	566e749c5ccc80d21664d023a30032e9	bb2bfeda2ffe5f5016df5bf4279b2b0b	NA	600346	301229506	data/raw/g4_phase1/PRJNA622860/SRR11474127/SRR11474127_1.fastq.gz	data/raw/g4_phase1/PRJNA622860/SRR11474127/SRR11474127_2.fastq.gz	NA	DOWNLOADED	PASS	223307627
PRJNA622860	SAMN14531022	SRR11474126	WITHIN_HOST_VALIDATION	UNKNOWN	SINGLE_HOST_SOURCE_STATED (no BioSample patient code)	PAIRED	Illumina MiSeq	https://ftp.sra.ebi.ac.uk/vol1/fastq/SRR114/026/SRR11474126/SRR11474126_1.fastq.gz	https://ftp.sra.ebi.ac.uk/vol1/fastq/SRR114/026/SRR11474126/SRR11474126_2.fastq.gz	NA	118020564	52798778	65221786	NA	6eb325822292e478ffd78973bf8b29bc	7745de36c1b74d7ffe5819a8d7165f99	NA	310489	160030582	data/raw/g4_phase1/PRJNA622860/SRR11474126/SRR11474126_1.fastq.gz	data/raw/g4_phase1/PRJNA622860/SRR11474126/SRR11474126_2.fastq.gz	NA	DOWNLOADED	PASS	118020564
PRJNA622860	SAMN14531023	SRR11474115	WITHIN_HOST_VALIDATION	UNKNOWN	SINGLE_HOST_SOURCE_STATED (no BioSample patient code)	PAIRED	Illumina MiSeq	https://ftp.sra.ebi.ac.uk/vol1/fastq/SRR114/015/SRR11474115/SRR11474115_1.fastq.gz	https://ftp.sra.ebi.ac.uk/vol1/fastq/SRR114/015/SRR11474115/SRR11474115_2.fastq.gz	NA	339807545	153490328	186317217	NA	455db66edd06b0fc1e924802cefa1fde	cd706c91ac440135a18a7a08eed72f9f	NA	800966	445066325	data/raw/g4_phase1/PRJNA622860/SRR11474115/SRR11474115_1.fastq.gz	data/raw/g4_phase1/PRJNA622860/SRR11474115/SRR11474115_2.fastq.gz	NA	DOWNLOADED	PASS	339807545
PRJNA622860	SAMN14531024	SRR11474104	WITHIN_HOST_VALIDATION	UNKNOWN	SINGLE_HOST_SOURCE_STATED (no BioSample patient code)	PAIRED	Illumina MiSeq	https://ftp.sra.ebi.ac.uk/vol1/fastq/SRR114/004/SRR11474104/SRR11474104_1.fastq.gz	https://ftp.sra.ebi.ac.uk/vol1/fastq/SRR114/004/SRR11474104/SRR11474104_2.fastq.gz	NA	163175990	73012272	90163718	NA	b58580600ed758d1d895c5ccbf96ec31	39035f7248283faaa268acc22bd7dfe1	NA	368034	208939429	data/raw/g4_phase1/PRJNA622860/SRR11474104/SRR11474104_1.fastq.gz	data/raw/g4_phase1/PRJNA622860/SRR11474104/SRR11474104_2.fastq.gz	NA	DOWNLOADED	PASS	163175990
PRJNA622860	SAMN14531025	SRR11474094	WITHIN_HOST_VALIDATION	UNKNOWN	SINGLE_HOST_SOURCE_STATED (no BioSample patient code)	PAIRED	Illumina MiSeq	https://ftp.sra.ebi.ac.uk/vol1/fastq/SRR114/094/SRR11474094/SRR11474094_1.fastq.gz	https://ftp.sra.ebi.ac.uk/vol1/fastq/SRR114/094/SRR11474094/SRR11474094_2.fastq.gz	NA	250737577	112955027	137782550	NA	2825c99e21de190819f64b233154fd8d	e253812afa3541ccadccd3dbe7bf37ad	NA	617363	335958055	data/raw/g4_phase1/PRJNA622860/SRR11474094/SRR11474094_1.fastq.gz	data/raw/g4_phase1/PRJNA622860/SRR11474094/SRR11474094_2.fastq.gz	NA	DOWNLOADED	PASS	250737577
PRJNA622860	SAMN14531026	SRR11474093	WITHIN_HOST_VALIDATION	UNKNOWN	SINGLE_HOST_SOURCE_STATED (no BioSample patient code)	PAIRED	Illumina MiSeq	https://ftp.sra.ebi.ac.uk/vol1/fastq/SRR114/093/SRR11474093/SRR11474093_1.fastq.gz	https://ftp.sra.ebi.ac.uk/vol1/fastq/SRR114/093/SRR11474093/SRR11474093_2.fastq.gz	NA	251159804	112511462	138648342	NA	fa82600fcf85922faeea5511c430b11c	3939acfbc6d9b4fa5aac1ba035caddab	NA	669587	341462226	data/raw/g4_phase1/PRJNA622860/SRR11474093/SRR11474093_1.fastq.gz	data/raw/g4_phase1/PRJNA622860/SRR11474093/SRR11474093_2.fastq.gz	NA	DOWNLOADED	PASS	251159804
PRJNA622860	SAMN14531027	SRR11474092	WITHIN_HOST_VALIDATION	UNKNOWN	SINGLE_HOST_SOURCE_STATED (no BioSample patient code)	PAIRED	Illumina MiSeq	https://ftp.sra.ebi.ac.uk/vol1/fastq/SRR114/092/SRR11474092/SRR11474092_1.fastq.gz	https://ftp.sra.ebi.ac.uk/vol1/fastq/SRR114/092/SRR11474092/SRR11474092_2.fastq.gz	NA	205348488	92704298	112644190	NA	08fbabe108a5fe97439d19d544491767	26a2c4395d7d1232e39d05a8d72d160e	NA	538666	277285189	data/raw/g4_phase1/PRJNA622860/SRR11474092/SRR11474092_1.fastq.gz	data/raw/g4_phase1/PRJNA622860/SRR11474092/SRR11474092_2.fastq.gz	NA	DOWNLOADED	PASS	205348488
PRJNA622860	SAMN14531028	SRR11474130	WITHIN_HOST_VALIDATION	UNKNOWN	SINGLE_HOST_SOURCE_STATED (no BioSample patient code)	PAIRED	Illumina MiSeq	https://ftp.sra.ebi.ac.uk/vol1/fastq/SRR114/030/SRR11474130/SRR11474130_1.fastq.gz	https://ftp.sra.ebi.ac.uk/vol1/fastq/SRR114/030/SRR11474130/SRR11474130_2.fastq.gz	NA	305294445	137295763	167998682	NA	edf1f72375bd3d68b8545d71c1a27d4c	fe84a993417b8b0927674b9690cc884f	NA	827090	417622157	data/raw/g4_phase1/PRJNA622860/SRR11474130/SRR11474130_1.fastq.gz	data/raw/g4_phase1/PRJNA622860/SRR11474130/SRR11474130_2.fastq.gz	NA	DOWNLOADED	PASS	305294445
PRJNA622860	SAMN14531029	SRR11474129	WITHIN_HOST_VALIDATION	UNKNOWN	SINGLE_HOST_SOURCE_STATED (no BioSample patient code)	PAIRED	Illumina MiSeq	https://ftp.sra.ebi.ac.uk/vol1/fastq/SRR114/029/SRR11474129/SRR11474129_1.fastq.gz	https://ftp.sra.ebi.ac.uk/vol1/fastq/SRR114/029/SRR11474129/SRR11474129_2.fastq.gz	NA	179392042	80536922	98855120	NA	8ecb06a398b5412294afd938e34c6ca8	51716e4c3f7cbfbe75f1b4a72728da1b	NA	467360	240559697	data/raw/g4_phase1/PRJNA622860/SRR11474129/SRR11474129_1.fastq.gz	data/raw/g4_phase1/PRJNA622860/SRR11474129/SRR11474129_2.fastq.gz	NA	DOWNLOADED	PASS	179392042
PRJNA622860	SAMN14531030	SRR11474128	WITHIN_HOST_VALIDATION	UNKNOWN	SINGLE_HOST_SOURCE_STATED (no BioSample patient code)	PAIRED	Illumina MiSeq	https://ftp.sra.ebi.ac.uk/vol1/fastq/SRR114/028/SRR11474128/SRR11474128_1.fastq.gz	https://ftp.sra.ebi.ac.uk/vol1/fastq/SRR114/028/SRR11474128/SRR11474128_2.fastq.gz	NA	143634402	63906130	79728272	NA	f83e2f1a9cd4cd9e11d57bb5e04c32e9	9405baef658db637956b4ff96365d56a	NA	356381	191346051	data/raw/g4_phase1/PRJNA622860/SRR11474128/SRR11474128_1.fastq.gz	data/raw/g4_phase1/PRJNA622860/SRR11474128/SRR11474128_2.fastq.gz	NA	DOWNLOADED	PASS	143634402
PRJNA622860	SAMN14531031	SRR11474125	WITHIN_HOST_VALIDATION	UNKNOWN	SINGLE_HOST_SOURCE_STATED (no BioSample patient code)	PAIRED	Illumina MiSeq	https://ftp.sra.ebi.ac.uk/vol1/fastq/SRR114/025/SRR11474125/SRR11474125_1.fastq.gz	https://ftp.sra.ebi.ac.uk/vol1/fastq/SRR114/025/SRR11474125/SRR11474125_2.fastq.gz	NA	160842001	71869021	88972980	NA	d52375086603231be4fb343f1402b802	008c736c27e047d8249c482fde398da2	NA	387158	212979556	data/raw/g4_phase1/PRJNA622860/SRR11474125/SRR11474125_1.fastq.gz	data/raw/g4_phase1/PRJNA622860/SRR11474125/SRR11474125_2.fastq.gz	NA	DOWNLOADED	PASS	160842001
PRJNA622860	SAMN14531032	SRR11474124	WITHIN_HOST_VALIDATION	UNKNOWN	SINGLE_HOST_SOURCE_STATED (no BioSample patient code)	PAIRED	Illumina MiSeq	https://ftp.sra.ebi.ac.uk/vol1/fastq/SRR114/024/SRR11474124/SRR11474124_1.fastq.gz	https://ftp.sra.ebi.ac.uk/vol1/fastq/SRR114/024/SRR11474124/SRR11474124_2.fastq.gz	NA	122976206	54510782	68465424	NA	4f900b5d4d2be6e60ca140e5c95d49ff	5f0c846a8da79039ea7b9ce892beb635	NA	266380	147558415	data/raw/g4_phase1/PRJNA622860/SRR11474124/SRR11474124_1.fastq.gz	data/raw/g4_phase1/PRJNA622860/SRR11474124/SRR11474124_2.fastq.gz	NA	DOWNLOADED	PASS	122976206
PRJNA622860	SAMN14531033	SRR11474123	WITHIN_HOST_VALIDATION	UNKNOWN	SINGLE_HOST_SOURCE_STATED (no BioSample patient code)	PAIRED	Illumina MiSeq	https://ftp.sra.ebi.ac.uk/vol1/fastq/SRR114/023/SRR11474123/SRR11474123_1.fastq.gz	https://ftp.sra.ebi.ac.uk/vol1/fastq/SRR114/023/SRR11474123/SRR11474123_2.fastq.gz	NA	184357075	88548518	95808557	NA	cc3035438ebcae7a5d7ebbf699a149f1	45764f33919caa8341cfd068c83bef09	NA	1210661	284077373	data/raw/g4_phase1/PRJNA622860/SRR11474123/SRR11474123_1.fastq.gz	data/raw/g4_phase1/PRJNA622860/SRR11474123/SRR11474123_2.fastq.gz	NA	DOWNLOADED	PASS	184357075
PRJNA622860	SAMN14531034	SRR11474122	WITHIN_HOST_VALIDATION	UNKNOWN	SINGLE_HOST_SOURCE_STATED (no BioSample patient code)	PAIRED	Illumina MiSeq	https://ftp.sra.ebi.ac.uk/vol1/fastq/SRR114/022/SRR11474122/SRR11474122_1.fastq.gz	https://ftp.sra.ebi.ac.uk/vol1/fastq/SRR114/022/SRR11474122/SRR11474122_2.fastq.gz	NA	183175999	82111500	101064499	NA	0612bbb21695f65397bec92cbecf2a9c	e193aa5f07e4806ea794c6ef7b08535e	NA	468377	246223689	data/raw/g4_phase1/PRJNA622860/SRR11474122/SRR11474122_1.fastq.gz	data/raw/g4_phase1/PRJNA622860/SRR11474122/SRR11474122_2.fastq.gz	NA	DOWNLOADED	PASS	183175999
PRJNA622860	SAMN14531035	SRR11474121	WITHIN_HOST_VALIDATION	UNKNOWN	SINGLE_HOST_SOURCE_STATED (no BioSample patient code)	PAIRED	Illumina MiSeq	https://ftp.sra.ebi.ac.uk/vol1/fastq/SRR114/021/SRR11474121/SRR11474121_1.fastq.gz	https://ftp.sra.ebi.ac.uk/vol1/fastq/SRR114/021/SRR11474121/SRR11474121_2.fastq.gz	NA	204110807	97524955	106585852	NA	0b926a0ccf15ff1e819c5bd1c1bc0891	1186e77692680281673109cf2ac6d774	NA	1146005	316363462	data/raw/g4_phase1/PRJNA622860/SRR11474121/SRR11474121_1.fastq.gz	data/raw/g4_phase1/PRJNA622860/SRR11474121/SRR11474121_2.fastq.gz	NA	DOWNLOADED	PASS	204110807
PRJNA622860	SAMN14531036	SRR11474120	WITHIN_HOST_VALIDATION	UNKNOWN	SINGLE_HOST_SOURCE_STATED (no BioSample patient code)	PAIRED	Illumina MiSeq	https://ftp.sra.ebi.ac.uk/vol1/fastq/SRR114/020/SRR11474120/SRR11474120_1.fastq.gz	https://ftp.sra.ebi.ac.uk/vol1/fastq/SRR114/020/SRR11474120/SRR11474120_2.fastq.gz	NA	139387214	62151993	77235221	NA	4c7f208fb9205badcad2e11ab5d5a8cb	1dcf2e6f2524d7ac996fb60878f811f2	NA	341246	184777133	data/raw/g4_phase1/PRJNA622860/SRR11474120/SRR11474120_1.fastq.gz	data/raw/g4_phase1/PRJNA622860/SRR11474120/SRR11474120_2.fastq.gz	NA	DOWNLOADED	PASS	139387214
PRJNA622860	SAMN14531037	SRR11474119	WITHIN_HOST_VALIDATION	UNKNOWN	SINGLE_HOST_SOURCE_STATED (no BioSample patient code)	PAIRED	Illumina MiSeq	https://ftp.sra.ebi.ac.uk/vol1/fastq/SRR114/019/SRR11474119/SRR11474119_1.fastq.gz	https://ftp.sra.ebi.ac.uk/vol1/fastq/SRR114/019/SRR11474119/SRR11474119_2.fastq.gz	NA	221899040	100972762	120926278	NA	bdbf224204be5c5861a15b8b844b133e	7367909df491ae18d53524ad729900cc	NA	583067	300831017	data/raw/g4_phase1/PRJNA622860/SRR11474119/SRR11474119_1.fastq.gz	data/raw/g4_phase1/PRJNA622860/SRR11474119/SRR11474119_2.fastq.gz	NA	DOWNLOADED	PASS	221899040
PRJNA622860	SAMN14531038	SRR11474118	WITHIN_HOST_VALIDATION	UNKNOWN	SINGLE_HOST_SOURCE_STATED (no BioSample patient code)	PAIRED	Illumina MiSeq	https://ftp.sra.ebi.ac.uk/vol1/fastq/SRR114/018/SRR11474118/SRR11474118_1.fastq.gz	https://ftp.sra.ebi.ac.uk/vol1/fastq/SRR114/018/SRR11474118/SRR11474118_2.fastq.gz	NA	197315008	88070561	109244447	NA	4cacb3e462ffd28f17b899b59454d8d8	b5c24c3093fb8d98d9c6b04e1e2a8632	NA	502979	266615719	data/raw/g4_phase1/PRJNA622860/SRR11474118/SRR11474118_1.fastq.gz	data/raw/g4_phase1/PRJNA622860/SRR11474118/SRR11474118_2.fastq.gz	NA	DOWNLOADED	PASS	197315008
PRJNA622860	SAMN14531039	SRR11474117	WITHIN_HOST_VALIDATION	UNKNOWN	SINGLE_HOST_SOURCE_STATED (no BioSample patient code)	PAIRED	Illumina MiSeq	https://ftp.sra.ebi.ac.uk/vol1/fastq/SRR114/017/SRR11474117/SRR11474117_1.fastq.gz	https://ftp.sra.ebi.ac.uk/vol1/fastq/SRR114/017/SRR11474117/SRR11474117_2.fastq.gz	NA	57109601	26931823	30177778	NA	ed0803a8d03e884f729476864b01bb71	6dd9d52654175c3be535331a7e607df5	NA	484756	81485596	data/raw/g4_phase1/PRJNA622860/SRR11474117/SRR11474117_1.fastq.gz	data/raw/g4_phase1/PRJNA622860/SRR11474117/SRR11474117_2.fastq.gz	NA	DOWNLOADED	PASS	57109601
PRJNA622860	SAMN14531040	SRR11474116	WITHIN_HOST_VALIDATION	UNKNOWN	SINGLE_HOST_SOURCE_STATED (no BioSample patient code)	PAIRED	Illumina MiSeq	https://ftp.sra.ebi.ac.uk/vol1/fastq/SRR114/016/SRR11474116/SRR11474116_1.fastq.gz	https://ftp.sra.ebi.ac.uk/vol1/fastq/SRR114/016/SRR11474116/SRR11474116_2.fastq.gz	NA	150898454	67317972	83580482	NA	f533306728fc331b61361182bee20d95	8996bf3e72e136edee75b863315f5638	NA	346772	191245344	data/raw/g4_phase1/PRJNA622860/SRR11474116/SRR11474116_1.fastq.gz	data/raw/g4_phase1/PRJNA622860/SRR11474116/SRR11474116_2.fastq.gz	NA	DOWNLOADED	PASS	150898454
PRJNA622860	SAMN14531041	SRR11474114	WITHIN_HOST_VALIDATION	UNKNOWN	SINGLE_HOST_SOURCE_STATED (no BioSample patient code)	PAIRED	Illumina MiSeq	https://ftp.sra.ebi.ac.uk/vol1/fastq/SRR114/014/SRR11474114/SRR11474114_1.fastq.gz	https://ftp.sra.ebi.ac.uk/vol1/fastq/SRR114/014/SRR11474114/SRR11474114_2.fastq.gz	NA	234985969	105603714	129382255	NA	e7cfc6104d6e7b76bc8fb932f56ddfa9	a32cb864128f8385b51e8af5b05a06b9	NA	593474	314789125	data/raw/g4_phase1/PRJNA622860/SRR11474114/SRR11474114_1.fastq.gz	data/raw/g4_phase1/PRJNA622860/SRR11474114/SRR11474114_2.fastq.gz	NA	DOWNLOADED	PASS	234985969
PRJNA622860	SAMN14531042	SRR11474113	WITHIN_HOST_VALIDATION	UNKNOWN	SINGLE_HOST_SOURCE_STATED (no BioSample patient code)	PAIRED	Illumina MiSeq	https://ftp.sra.ebi.ac.uk/vol1/fastq/SRR114/013/SRR11474113/SRR11474113_1.fastq.gz	https://ftp.sra.ebi.ac.uk/vol1/fastq/SRR114/013/SRR11474113/SRR11474113_2.fastq.gz	NA	202367888	90475487	111892401	NA	d6b635deeafe94f1b13365fe80c9e8c0	d8ae2192aaa78139057b4ab0e5b8c9d0	NA	507627	270480534	data/raw/g4_phase1/PRJNA622860/SRR11474113/SRR11474113_1.fastq.gz	data/raw/g4_phase1/PRJNA622860/SRR11474113/SRR11474113_2.fastq.gz	NA	DOWNLOADED	PASS	202367888
PRJNA622860	SAMN14531043	SRR11474112	WITHIN_HOST_VALIDATION	UNKNOWN	SINGLE_HOST_SOURCE_STATED (no BioSample patient code)	PAIRED	Illumina MiSeq	https://ftp.sra.ebi.ac.uk/vol1/fastq/SRR114/012/SRR11474112/SRR11474112_1.fastq.gz	https://ftp.sra.ebi.ac.uk/vol1/fastq/SRR114/012/SRR11474112/SRR11474112_2.fastq.gz	NA	130318420	58827127	71491293	NA	d4ba70f687b09a1647898b2e6cd7e8c4	34c97b233ff48635ae2a0eb72131d491	NA	306673	170317030	data/raw/g4_phase1/PRJNA622860/SRR11474112/SRR11474112_1.fastq.gz	data/raw/g4_phase1/PRJNA622860/SRR11474112/SRR11474112_2.fastq.gz	NA	DOWNLOADED	PASS	130318420
PRJNA622860	SAMN14531044	SRR11474111	WITHIN_HOST_VALIDATION	UNKNOWN	SINGLE_HOST_SOURCE_STATED (no BioSample patient code)	PAIRED	Illumina MiSeq	https://ftp.sra.ebi.ac.uk/vol1/fastq/SRR114/011/SRR11474111/SRR11474111_1.fastq.gz	https://ftp.sra.ebi.ac.uk/vol1/fastq/SRR114/011/SRR11474111/SRR11474111_2.fastq.gz	NA	216666299	96344404	120321895	NA	51ce3876decca98386e93a14557c2c3c	800dd6486ca5141be2f87c404f48148c	NA	528203	287566554	data/raw/g4_phase1/PRJNA622860/SRR11474111/SRR11474111_1.fastq.gz	data/raw/g4_phase1/PRJNA622860/SRR11474111/SRR11474111_2.fastq.gz	NA	DOWNLOADED	PASS	216666299
PRJNA622860	SAMN14531045	SRR11474110	WITHIN_HOST_VALIDATION	UNKNOWN	SINGLE_HOST_SOURCE_STATED (no BioSample patient code)	PAIRED	Illumina MiSeq	https://ftp.sra.ebi.ac.uk/vol1/fastq/SRR114/010/SRR11474110/SRR11474110_1.fastq.gz	https://ftp.sra.ebi.ac.uk/vol1/fastq/SRR114/010/SRR11474110/SRR11474110_2.fastq.gz	NA	233710723	104210369	129500354	NA	3f2093b210891c56af43118e677fa6a6	ab1c79dd17524c0df674658d0375c296	NA	585574	315268588	data/raw/g4_phase1/PRJNA622860/SRR11474110/SRR11474110_1.fastq.gz	data/raw/g4_phase1/PRJNA622860/SRR11474110/SRR11474110_2.fastq.gz	NA	DOWNLOADED	PASS	233710723
PRJNA622860	SAMN14531046	SRR11474109	WITHIN_HOST_VALIDATION	UNKNOWN	SINGLE_HOST_SOURCE_STATED (no BioSample patient code)	PAIRED	Illumina MiSeq	https://ftp.sra.ebi.ac.uk/vol1/fastq/SRR114/009/SRR11474109/SRR11474109_1.fastq.gz	https://ftp.sra.ebi.ac.uk/vol1/fastq/SRR114/009/SRR11474109/SRR11474109_2.fastq.gz	NA	227755878	101502632	126253246	NA	66386335f94011cd663f8e70861bbee8	256dc46e083006783d7297b1be2a7c3d	NA	580528	306274040	data/raw/g4_phase1/PRJNA622860/SRR11474109/SRR11474109_1.fastq.gz	data/raw/g4_phase1/PRJNA622860/SRR11474109/SRR11474109_2.fastq.gz	NA	DOWNLOADED	PASS	227755878
PRJNA622860	SAMN14531047	SRR11474108	WITHIN_HOST_VALIDATION	UNKNOWN	SINGLE_HOST_SOURCE_STATED (no BioSample patient code)	PAIRED	Illumina MiSeq	https://ftp.sra.ebi.ac.uk/vol1/fastq/SRR114/008/SRR11474108/SRR11474108_1.fastq.gz	https://ftp.sra.ebi.ac.uk/vol1/fastq/SRR114/008/SRR11474108/SRR11474108_2.fastq.gz	NA	296599443	134857083	161742360	NA	3dfa03acaab34f00e65617f982446ea0	fee0cbdf3b79c9e8250d332be497bf3c	NA	788022	409480350	data/raw/g4_phase1/PRJNA622860/SRR11474108/SRR11474108_1.fastq.gz	data/raw/g4_phase1/PRJNA622860/SRR11474108/SRR11474108_2.fastq.gz	NA	DOWNLOADED	PASS	296599443
PRJNA622860	SAMN14531048	SRR11474107	WITHIN_HOST_VALIDATION	UNKNOWN	SINGLE_HOST_SOURCE_STATED (no BioSample patient code)	PAIRED	Illumina MiSeq	https://ftp.sra.ebi.ac.uk/vol1/fastq/SRR114/007/SRR11474107/SRR11474107_1.fastq.gz	https://ftp.sra.ebi.ac.uk/vol1/fastq/SRR114/007/SRR11474107/SRR11474107_2.fastq.gz	NA	130504600	62506027	67998573	NA	956da44702cc0588acf2a745bb6d791a	b541738dcaebda5792c6bb69aa9c9240	NA	860927	199970490	data/raw/g4_phase1/PRJNA622860/SRR11474107/SRR11474107_1.fastq.gz	data/raw/g4_phase1/PRJNA622860/SRR11474107/SRR11474107_2.fastq.gz	NA	DOWNLOADED	PASS	130504600
PRJNA622860	SAMN14531049	SRR11474106	WITHIN_HOST_VALIDATION	UNKNOWN	SINGLE_HOST_SOURCE_STATED (no BioSample patient code)	PAIRED	Illumina MiSeq	https://ftp.sra.ebi.ac.uk/vol1/fastq/SRR114/006/SRR11474106/SRR11474106_1.fastq.gz	https://ftp.sra.ebi.ac.uk/vol1/fastq/SRR114/006/SRR11474106/SRR11474106_2.fastq.gz	NA	252120806	113534846	138585960	NA	0e7d4dff4b2467ffa1da70ad2f25c868	6ffdd67bb3c948ac3807d232363dafa6	NA	613873	335288423	data/raw/g4_phase1/PRJNA622860/SRR11474106/SRR11474106_1.fastq.gz	data/raw/g4_phase1/PRJNA622860/SRR11474106/SRR11474106_2.fastq.gz	NA	DOWNLOADED	PASS	252120806
PRJNA622860	SAMN14531050	SRR11474105	WITHIN_HOST_VALIDATION	UNKNOWN	SINGLE_HOST_SOURCE_STATED (no BioSample patient code)	PAIRED	Illumina MiSeq	https://ftp.sra.ebi.ac.uk/vol1/fastq/SRR114/005/SRR11474105/SRR11474105_1.fastq.gz	https://ftp.sra.ebi.ac.uk/vol1/fastq/SRR114/005/SRR11474105/SRR11474105_2.fastq.gz	NA	130054684	62336834	67717850	NA	70225596ba62d95f07fd2ad07dcf69c6	225927e89b9c5e41694093d090591cd5	NA	953113	198013841	data/raw/g4_phase1/PRJNA622860/SRR11474105/SRR11474105_1.fastq.gz	data/raw/g4_phase1/PRJNA622860/SRR11474105/SRR11474105_2.fastq.gz	NA	DOWNLOADED	PASS	130054684
PRJNA622860	SAMN14531051	SRR11474103	WITHIN_HOST_VALIDATION	UNKNOWN	SINGLE_HOST_SOURCE_STATED (no BioSample patient code)	PAIRED	Illumina MiSeq	https://ftp.sra.ebi.ac.uk/vol1/fastq/SRR114/003/SRR11474103/SRR11474103_1.fastq.gz	https://ftp.sra.ebi.ac.uk/vol1/fastq/SRR114/003/SRR11474103/SRR11474103_2.fastq.gz	NA	275444913	123438356	152006557	NA	55eac050e0e808d645dd4f58e0b3cfef	5c46b281003d0f67b522e1aab9a61ffb	NA	735637	376872104	data/raw/g4_phase1/PRJNA622860/SRR11474103/SRR11474103_1.fastq.gz	data/raw/g4_phase1/PRJNA622860/SRR11474103/SRR11474103_2.fastq.gz	NA	DOWNLOADED	PASS	275444913
PRJNA622860	SAMN14531052	SRR11474102	WITHIN_HOST_VALIDATION	UNKNOWN	SINGLE_HOST_SOURCE_STATED (no BioSample patient code)	PAIRED	Illumina MiSeq	https://ftp.sra.ebi.ac.uk/vol1/fastq/SRR114/002/SRR11474102/SRR11474102_1.fastq.gz	https://ftp.sra.ebi.ac.uk/vol1/fastq/SRR114/002/SRR11474102/SRR11474102_2.fastq.gz	NA	245814351	110466585	135347766	NA	e4c0afcd0bf2174385f8aa15812db52a	0052c3512d65082b4045e9f5253bbfc5	NA	628981	330977967	data/raw/g4_phase1/PRJNA622860/SRR11474102/SRR11474102_1.fastq.gz	data/raw/g4_phase1/PRJNA622860/SRR11474102/SRR11474102_2.fastq.gz	NA	DOWNLOADED	PASS	245814351
PRJNA622860	SAMN14531053	SRR11474101	WITHIN_HOST_VALIDATION	UNKNOWN	SINGLE_HOST_SOURCE_STATED (no BioSample patient code)	PAIRED	Illumina MiSeq	https://ftp.sra.ebi.ac.uk/vol1/fastq/SRR114/001/SRR11474101/SRR11474101_1.fastq.gz	https://ftp.sra.ebi.ac.uk/vol1/fastq/SRR114/001/SRR11474101/SRR11474101_2.fastq.gz	NA	148394806	66586225	81808581	NA	13e10093d6b71a217e355f575c5932e3	28791b516e75ca8bcbf6598270f83efb	NA	369531	197808891	data/raw/g4_phase1/PRJNA622860/SRR11474101/SRR11474101_1.fastq.gz	data/raw/g4_phase1/PRJNA622860/SRR11474101/SRR11474101_2.fastq.gz	NA	DOWNLOADED	PASS	148394806
PRJNA622860	SAMN14531054	SRR11474100	WITHIN_HOST_VALIDATION	UNKNOWN	SINGLE_HOST_SOURCE_STATED (no BioSample patient code)	PAIRED	Illumina MiSeq	https://ftp.sra.ebi.ac.uk/vol1/fastq/SRR114/000/SRR11474100/SRR11474100_1.fastq.gz	https://ftp.sra.ebi.ac.uk/vol1/fastq/SRR114/000/SRR11474100/SRR11474100_2.fastq.gz	NA	276374420	130580687	145793733	NA	60b4a8aa25445ee2669ec4e54d910a21	f9c9588d7d1463a5c9f843c87a35d509	NA	1618581	426373044	data/raw/g4_phase1/PRJNA622860/SRR11474100/SRR11474100_1.fastq.gz	data/raw/g4_phase1/PRJNA622860/SRR11474100/SRR11474100_2.fastq.gz	NA	DOWNLOADED	PASS	276374420
PRJNA622860	SAMN14531055	SRR11474099	WITHIN_HOST_VALIDATION	UNKNOWN	SINGLE_HOST_SOURCE_STATED (no BioSample patient code)	PAIRED	Illumina MiSeq	https://ftp.sra.ebi.ac.uk/vol1/fastq/SRR114/099/SRR11474099/SRR11474099_1.fastq.gz	https://ftp.sra.ebi.ac.uk/vol1/fastq/SRR114/099/SRR11474099/SRR11474099_2.fastq.gz	NA	267788680	119460658	148328022	NA	59c0066f940d1a190607cc069bb36713	904e2b177e060493d7856a6678d3f6b4	NA	785934	375483260	data/raw/g4_phase1/PRJNA622860/SRR11474099/SRR11474099_1.fastq.gz	data/raw/g4_phase1/PRJNA622860/SRR11474099/SRR11474099_2.fastq.gz	NA	DOWNLOADED	PASS	267788680
PRJNA622860	SAMN14531056	SRR11474098	WITHIN_HOST_VALIDATION	UNKNOWN	SINGLE_HOST_SOURCE_STATED (no BioSample patient code)	PAIRED	Illumina MiSeq	https://ftp.sra.ebi.ac.uk/vol1/fastq/SRR114/098/SRR11474098/SRR11474098_1.fastq.gz	https://ftp.sra.ebi.ac.uk/vol1/fastq/SRR114/098/SRR11474098/SRR11474098_2.fastq.gz	NA	318281972	143180028	175101944	NA	ad34f71626aec8cee1222863aa94e3ec	e41c79bcbb02d353f48069e11a2679b4	NA	760284	418522720	data/raw/g4_phase1/PRJNA622860/SRR11474098/SRR11474098_1.fastq.gz	data/raw/g4_phase1/PRJNA622860/SRR11474098/SRR11474098_2.fastq.gz	NA	DOWNLOADED	PASS	318281972
PRJNA622860	SAMN14531057	SRR11474097	WITHIN_HOST_VALIDATION	UNKNOWN	SINGLE_HOST_SOURCE_STATED (no BioSample patient code)	PAIRED	Illumina MiSeq	https://ftp.sra.ebi.ac.uk/vol1/fastq/SRR114/097/SRR11474097/SRR11474097_1.fastq.gz	https://ftp.sra.ebi.ac.uk/vol1/fastq/SRR114/097/SRR11474097/SRR11474097_2.fastq.gz	NA	103568800	48514303	55054497	NA	ab02f5330abd84618f970f3eb6c1c7ca	3eadf81bfef407735b73fe646566b626	NA	818274	149864289	data/raw/g4_phase1/PRJNA622860/SRR11474097/SRR11474097_1.fastq.gz	data/raw/g4_phase1/PRJNA622860/SRR11474097/SRR11474097_2.fastq.gz	NA	DOWNLOADED	PASS	103568800
PRJNA622860	SAMN14531058	SRR11474096	WITHIN_HOST_VALIDATION	UNKNOWN	SINGLE_HOST_SOURCE_STATED (no BioSample patient code)	PAIRED	Illumina MiSeq	https://ftp.sra.ebi.ac.uk/vol1/fastq/SRR114/096/SRR11474096/SRR11474096_1.fastq.gz	https://ftp.sra.ebi.ac.uk/vol1/fastq/SRR114/096/SRR11474096/SRR11474096_2.fastq.gz	NA	143585374	64874028	78711346	NA	774cdbe3b862cae861134ccbdb0a9751	ede3867ec034b79a57a0f38a7046b80a	NA	695921	211503460	data/raw/g4_phase1/PRJNA622860/SRR11474096/SRR11474096_1.fastq.gz	data/raw/g4_phase1/PRJNA622860/SRR11474096/SRR11474096_2.fastq.gz	NA	DOWNLOADED	PASS	143585374
PRJNA622860	SAMN14531059	SRR11474095	WITHIN_HOST_VALIDATION	UNKNOWN	SINGLE_HOST_SOURCE_STATED (no BioSample patient code)	PAIRED	Illumina MiSeq	https://ftp.sra.ebi.ac.uk/vol1/fastq/SRR114/095/SRR11474095/SRR11474095_1.fastq.gz	https://ftp.sra.ebi.ac.uk/vol1/fastq/SRR114/095/SRR11474095/SRR11474095_2.fastq.gz	NA	154920410	70718818	84201592	NA	a56702ac92817ef564fffbe86374c865	3dad1dc3adcc8e0f7bb87d570929c2f7	NA	438504	224243697	data/raw/g4_phase1/PRJNA622860/SRR11474095/SRR11474095_1.fastq.gz	data/raw/g4_phase1/PRJNA622860/SRR11474095/SRR11474095_2.fastq.gz	NA	DOWNLOADED	PASS	154920410
