record_type	bioproject	biosample	run_accession	instrument	layout	est_depth_x	read_len_mean	eligible_loci	callable_loci	callable_fraction	callable_high	callable_medium	callable_low	median_spanning_reads	mixed_flag_MIXED	mixture_candidate	known_or_strong_callable
SAMPLE	PRJNA360417	SAMN06210232	SRR5298532	Illumina MiSeq	PAIRED	87.2	250.9	1187	518	0.4364	505	11	2	63.0	0	7	47
SAMPLE	PRJNA360417	SAMN06246757	SRR5298520	Illumina MiSeq	PAIRED	54.6	249.3	1183	486	0.4108	441	37	8	34.0	0	2	46
SAMPLE	PRJNA360417	SAMN06246771	SRR5298521	Illumina MiSeq	PAIRED	56.8	250.8	1185	512	0.4321	453	54	5	30.0	3	5	42
SAMPLE	PRJNA360417	SAMN06246878	SRR5298522	Illumina MiSeq	PAIRED	31.5	246.8	1183	482	0.4074	245	208	29	20.0	1	2	39
SAMPLE	PRJNA360417	SAMN06246899	SRR5298523	Illumina MiSeq	PAIRED	36.5	249.5	1186	508	0.4283	340	151	17	23.0	1	1	41
SAMPLE	PRJNA360417	SAMN06250661	SRR5298524	Illumina MiSeq	PAIRED	117.2	249.0	1185	508	0.4287	501	5	2	85.0	0	7	48
SAMPLE	PRJNA360417	SAMN06250692	SRR5298525	Illumina MiSeq	PAIRED	31.5	249.4	1187	481	0.4052	151	288	42	17	0	6	47
SAMPLE	PRJNA360417	SAMN06250733	SRR5298526	Illumina MiSeq	PAIRED	34.7	249.4	1186	494	0.4165	245	225	24	20.0	0	4	46
SAMPLE	PRJNA360417	SAMN06250976	SRR5298527	Illumina MiSeq	PAIRED	35.0	249.5	1184	476	0.402	257	201	18	20.0	0	4	39
SAMPLE	PRJNA360417	SAMN06251087	SRR5298528	Illumina MiSeq	PAIRED	26.7	238.1	1186	406	0.3423	31	281	94	13.0	0	4	42
SAMPLE	PRJNA360417	SAMN06251160	SRR5298529	Illumina MiSeq	PAIRED	33.8	251.0	1184	480	0.4054	167	286	27	17.0	0	3	39
SAMPLE	PRJNA360417	SAMN06251163	SRR5298530	Illumina MiSeq	PAIRED	29.8	248.2	1186	480	0.4047	123	320	37	17.0	0	4	44
SAMPLE	PRJNA360417	SAMN06251192	SRR5298531	Illumina MiSeq	PAIRED	34.7	249.4	1185	493	0.416	229	237	27	19	0	5	41
SAMPLE	PRJNA622860	SAMN14531021	SRR11474127	Illumina MiSeq	PAIRED	182.6	250.9	1187	593	0.4996	582	8	3	74	0	14	60
SAMPLE	PRJNA622860	SAMN14531022	SRR11474126	Illumina MiSeq	PAIRED	97.0	257.7	1186	583	0.4916	548	30	5	43	1	7	53
SAMPLE	PRJNA622860	SAMN14531023	SRR11474115	Illumina MiSeq	PAIRED	269.7	277.8	1186	598	0.5042	590	5	3	119.5	1	13	64
SAMPLE	PRJNA622860	SAMN14531024	SRR11474104	Illumina MiSeq	PAIRED	126.6	283.9	1186	595	0.5017	574	17	4	61	1	11	63
SAMPLE	PRJNA622860	SAMN14531025	SRR11474094	Illumina MiSeq	PAIRED	203.6	272.1	1186	594	0.5008	590	3	1	95.5	1	11	59
SAMPLE	PRJNA622860	SAMN14531026	SRR11474093	Illumina MiSeq	PAIRED	206.9	255.0	1188	594	0.5	582	10	2	87.0	1	9	61
SAMPLE	PRJNA622860	SAMN14531027	SRR11474092	Illumina MiSeq	PAIRED	168.1	257.4	1187	593	0.4996	578	12	3	70	5	11	61
SAMPLE	PRJNA622860	SAMN14531028	SRR11474130	Illumina MiSeq	PAIRED	253.1	252.5	1186	596	0.5025	590	4	2	111.0	2	10	62
SAMPLE	PRJNA622860	SAMN14531029	SRR11474129	Illumina MiSeq	PAIRED	145.8	257.4	1186	595	0.5017	574	18	3	60	0	13	62
SAMPLE	PRJNA622860	SAMN14531030	SRR11474128	Illumina MiSeq	PAIRED	116.0	268.5	1187	593	0.4996	569	20	4	52	0	11	60
SAMPLE	PRJNA622860	SAMN14531031	SRR11474125	Illumina MiSeq	PAIRED	129.1	275.1	1186	592	0.4992	571	19	2	58.0	0	9	58
SAMPLE	PRJNA622860	SAMN14531032	SRR11474124	Illumina MiSeq	PAIRED	89.4	277.0	1187	583	0.4912	536	40	7	37	1	7	53
SAMPLE	PRJNA622860	SAMN14531033	SRR11474123	Illumina MiSeq	PAIRED	172.2	117.3	1186	543	0.4578	510	22	11	53	0	13	56
SAMPLE	PRJNA622860	SAMN14531034	SRR11474122	Illumina MiSeq	PAIRED	149.2	262.8	1186	594	0.5008	581	8	5	64.0	0	12	60
SAMPLE	PRJNA622860	SAMN14531035	SRR11474121	Illumina MiSeq	PAIRED	191.7	138.0	1186	580	0.489	519	46	15	62.0	0	10	61
SAMPLE	PRJNA622860	SAMN14531036	SRR11474120	Illumina MiSeq	PAIRED	112.0	270.7	1186	596	0.5025	564	27	5	51.0	0	11	61
SAMPLE	PRJNA622860	SAMN14531037	SRR11474119	Illumina MiSeq	PAIRED	182.3	258.0	1186	600	0.5059	583	13	4	78.0	0	15	65
SAMPLE	PRJNA622860	SAMN14531038	SRR11474118	Illumina MiSeq	PAIRED	161.6	265.0	1187	596	0.5021	587	9	0	73.0	1	16	61
SAMPLE	PRJNA622860	SAMN14531039	SRR11474117	Illumina MiSeq	PAIRED	49.4	84.0	1185	360	0.3038	79	210	71	14.0	0	3	34
SAMPLE	PRJNA622860	SAMN14531040	SRR11474116	Illumina MiSeq	PAIRED	115.9	275.8	1187	602	0.5072	574	22	6	50.0	1	14	60
SAMPLE	PRJNA622860	SAMN14531041	SRR11474114	Illumina MiSeq	PAIRED	190.8	265.2	1187	604	0.5088	590	11	3	85.0	4	17	62
SAMPLE	PRJNA622860	SAMN14531042	SRR11474113	Illumina MiSeq	PAIRED	163.9	266.4	1186	595	0.5017	582	12	1	74	2	12	60
SAMPLE	PRJNA622860	SAMN14531043	SRR11474112	Illumina MiSeq	PAIRED	103.2	277.7	1186	596	0.5025	565	27	4	44.0	0	11	58
SAMPLE	PRJNA622860	SAMN14531044	SRR11474111	Illumina MiSeq	PAIRED	174.3	272.2	1186	598	0.5042	587	8	3	79.5	1	11	62
SAMPLE	PRJNA622860	SAMN14531045	SRR11474110	Illumina MiSeq	PAIRED	191.1	269.2	1186	603	0.5084	598	3	2	85	0	18	61
SAMPLE	PRJNA622860	SAMN14531046	SRR11474109	Illumina MiSeq	PAIRED	185.6	263.8	1186	604	0.5093	595	7	2	82.0	1	12	63
SAMPLE	PRJNA622860	SAMN14531047	SRR11474108	Illumina MiSeq	PAIRED	248.2	259.8	1187	599	0.5046	596	1	2	117	2	15	63
SAMPLE	PRJNA622860	SAMN14531048	SRR11474107	Illumina MiSeq	PAIRED	121.2	116.1	1186	524	0.4418	462	49	13	37.0	0	7	55
SAMPLE	PRJNA622860	SAMN14531049	SRR11474106	Illumina MiSeq	PAIRED	203.2	273.1	1186	603	0.5084	594	6	3	92	0	14	61
SAMPLE	PRJNA622860	SAMN14531050	SRR11474105	Illumina MiSeq	PAIRED	120.0	103.9	1187	519	0.4372	445	65	9	35	1	10	55
SAMPLE	PRJNA622860	SAMN14531051	SRR11474103	Illumina MiSeq	PAIRED	228.4	256.2	1186	596	0.5025	582	12	2	100.0	2	8	60
SAMPLE	PRJNA622860	SAMN14531052	SRR11474102	Illumina MiSeq	PAIRED	200.6	263.1	1186	606	0.511	595	9	2	89.0	1	14	64
SAMPLE	PRJNA622860	SAMN14531053	SRR11474101	Illumina MiSeq	PAIRED	119.9	267.6	1186	599	0.5051	571	27	1	51	0	12	58
SAMPLE	PRJNA622860	SAMN14531054	SRR11474100	Illumina MiSeq	PAIRED	258.4	131.7	1186	594	0.5008	542	48	4	82.0	0	14	62
SAMPLE	PRJNA622860	SAMN14531055	SRR11474099	Illumina MiSeq	PAIRED	227.6	238.9	1186	604	0.5093	593	10	1	101.0	2	11	61
SAMPLE	PRJNA622860	SAMN14531056	SRR11474098	Illumina MiSeq	PAIRED	253.7	275.2	1186	597	0.5034	593	2	2	119	0	17	62
SAMPLE	PRJNA622860	SAMN14531057	SRR11474097	Illumina MiSeq	PAIRED	90.8	91.6	1185	492	0.4152	317	142	33	24.0	0	5	45
SAMPLE	PRJNA622860	SAMN14531058	SRR11474096	Illumina MiSeq	PAIRED	128.2	152.0	1186	579	0.4882	500	62	17	47	0	12	64
SAMPLE	PRJNA622860	SAMN14531059	SRR11474095	Illumina MiSeq	PAIRED	135.9	255.7	1186	597	0.5034	551	36	10	57	0	11	63
SAMPLE	PRJNA1103397	SAMN41067850	SRR28961350	Illumina NovaSeq 6000	SINGLE	400.1	151.0	1187	526	0.4431	520	5	1	234.5	0	8	44
SAMPLE	PRJNA1103397	SAMN41067851	SRR28961349	Illumina NovaSeq 6000	SINGLE	364.2	150.0	1184	506	0.4274	500	5	1	217.5	2	9	44
SAMPLE	PRJNA1103397	SAMN41067852	SRR28961346	Illumina NovaSeq 6000	SINGLE	273.4	150.0	1188	508	0.4276	505	3	0	156.0	4	5	49
SAMPLE	PRJNA1103397	SAMN41067853	SRR28961345	Illumina NovaSeq 6000	SINGLE	306.2	150.0	1188	507	0.4268	494	11	2	179	5	7	41
SAMPLE	PRJNA1103397	SAMN41067854	SRR28961344	Illumina NovaSeq 6000	SINGLE	298.4	150.0	1186	505	0.4258	502	2	1	168	4	5	37
SAMPLE	PRJNA1103397	SAMN41067855	SRR28961343	Illumina NovaSeq 6000	SINGLE	308.2	150.0	1187	517	0.4356	511	6	0	178	5	6	43
STUDY_SUMMARY	PRJNA622860	39 samples		Illumina MiSeq	PAIRED	168.1	262.8	1196	595	0.5017	578	13	3	70	0	11	61
STUDY_SUMMARY	PRJNA360417	13 samples		Illumina MiSeq	PAIRED	34.7	249.4	1196	486	0.4108	245	208	24	20.0	0	4	42
STUDY_SUMMARY	PRJNA1103397	6 samples		Illumina NovaSeq 6000	SINGLE	307.2	150.0	1196	507.5	0.4275	503.5	5.0	1.0	178.5	4.0	6.5	43.5
